2026-03-14 14:57:44 - INFO - __main__ - Device: cuda
2026-03-14 14:57:44 - INFO - __main__ - Args: {
  "dataset": "nq",
  "data_dir": "./data_set",
  "mined_data_path": null,
  "model_name": "./bert-base-uncase-backbone",
  "pooling_type": "cls",
  "shared_encoder": false,
  "normalize": true,
  "batch_size": 128,
  "learning_rate": 2e-05,
  "warmup_ratio": 0.1,
  "weight_decay": 0.0,
  "max_grad_norm": 2.0,
  "fp16": true,
  "temperature": 0.05,
  "distance_weight": 0.4,
  "num_hard_negatives": 7,
  "seed": 42,
  "gradient_accumulation_steps": 1,
  "max_query_length": 256,
  "max_passage_length": 256,
  "stage1_epochs": 10,
  "stage2_epochs": 20,
  "stage3_max_epochs": 10,
  "early_stopping_patience": 5,
  "val_av_rank_max_qs": 2000,
  "output_dir": "./checkpoints/nq",
  "log_steps": 50,
  "resume_checkpoint": null,
  "resume_stage": 1,
  "num_workers": 4,
  "stage2_batch_size": 32,
  "stage2_gradient_accumulation_steps": 4
}
2026-03-14 14:57:44 - INFO - __main__ - Train: ./data_set/NQ/nq-train.json
2026-03-14 14:57:44 - INFO - __main__ - Dev: ./data_set/NQ/nq-dev.json
2026-03-14 14:57:45 - INFO - __main__ - Model loaded: ./bert-base-uncase-backbone (shared=False, normalize=True, pooling=cls)
2026-03-14 14:57:45 - INFO - __main__ - ============================================================
2026-03-14 14:57:45 - INFO - __main__ - Stage 1: In-Batch Negatives (epochs 0-9)
2026-03-14 14:57:45 - INFO - __main__ - ============================================================
2026-03-14 14:58:20 - INFO - src.data.dataset - Loaded 58880 samples from ./data_set/NQ/nq-train.json (stage=in_batch)
2026-03-14 14:58:24 - INFO - src.data.dataset - Loaded 6515 samples from ./data_set/NQ/nq-dev.json (stage=in_batch)
2026-03-14 14:58:24 - INFO - __main__ - Stage 1: total_steps=4600, warmup_steps=460
2026-03-14 14:58:43 - INFO - __main__ - [stage1] Epoch 0 Step 50/460 | loss=4.3223 infonce=4.1703 dist=0.3801 | lr=2.17e-06
2026-03-14 14:59:00 - INFO - __main__ - [stage1] Epoch 0 Step 100/460 | loss=3.0127 infonce=2.8639 dist=0.3720 | lr=4.35e-06
2026-03-14 14:59:16 - INFO - __main__ - [stage1] Epoch 0 Step 150/460 | loss=2.2562 infonce=2.1129 dist=0.3583 | lr=6.52e-06
2026-03-14 14:59:32 - INFO - __main__ - [stage1] Epoch 0 Step 200/460 | loss=1.8086 infonce=1.6694 dist=0.3480 | lr=8.70e-06
2026-03-14 14:59:48 - INFO - __main__ - [stage1] Epoch 0 Step 250/460 | loss=1.5209 infonce=1.3853 dist=0.3389 | lr=1.09e-05
2026-03-14 15:00:05 - INFO - __main__ - [stage1] Epoch 0 Step 300/460 | loss=1.3231 infonce=1.1902 dist=0.3322 | lr=1.30e-05
2026-03-14 15:00:21 - INFO - __main__ - [stage1] Epoch 0 Step 350/460 | loss=1.1770 infonce=1.0468 dist=0.3255 | lr=1.52e-05
2026-03-14 15:00:37 - INFO - __main__ - [stage1] Epoch 0 Step 400/460 | loss=1.0656 infonce=0.9377 dist=0.3197 | lr=1.74e-05
2026-03-14 15:00:53 - INFO - __main__ - [stage1] Epoch 0 Step 450/460 | loss=0.9773 infonce=0.8515 dist=0.3146 | lr=1.96e-05
2026-03-14 15:00:58 - INFO - __main__ - [stage1] Epoch 0 finished | avg_loss=0.9617 accuracy=0.8322 | time=154.0s | nan_batches=0
2026-03-14 15:01:17 - INFO - __main__ - [stage1] Epoch 0 validation: nll_loss=0.1864 accuracy=0.9682
2026-03-14 15:01:20 - INFO - __main__ - Saved checkpoint: checkpoint_epoch_0.pt (epoch=0, step=460)
2026-03-14 15:01:22 - INFO - __main__ - Saved checkpoint: best_stage1.pt (epoch=0, step=460)
2026-03-14 15:01:23 - INFO - __main__ - Saved best model to ./checkpoints/nq/best_model_stage1
2026-03-14 15:01:23 - INFO - __main__ - [stage1] New best nll_loss=0.1864 at epoch 0
2026-03-14 15:01:41 - INFO - __main__ - [stage1] Epoch 1 Step 50/460 | loss=0.2124 infonce=0.1067 dist=0.2642 | lr=1.98e-05
2026-03-14 15:01:57 - INFO - __main__ - [stage1] Epoch 1 Step 100/460 | loss=0.2142 infonce=0.1096 dist=0.2615 | lr=1.95e-05
2026-03-14 15:02:13 - INFO - __main__ - [stage1] Epoch 1 Step 150/460 | loss=0.2119 infonce=0.1085 dist=0.2585 | lr=1.93e-05
2026-03-14 15:02:29 - INFO - __main__ - [stage1] Epoch 1 Step 200/460 | loss=0.2094 infonce=0.1072 dist=0.2555 | lr=1.90e-05
2026-03-14 15:02:46 - INFO - __main__ - [stage1] Epoch 1 Step 250/460 | loss=0.2076 infonce=0.1062 dist=0.2535 | lr=1.88e-05
2026-03-14 15:03:02 - INFO - __main__ - [stage1] Epoch 1 Step 300/460 | loss=0.2063 infonce=0.1056 dist=0.2517 | lr=1.86e-05
2026-03-14 15:03:18 - INFO - __main__ - [stage1] Epoch 1 Step 350/460 | loss=0.2048 infonce=0.1048 dist=0.2500 | lr=1.83e-05
2026-03-14 15:03:35 - INFO - __main__ - [stage1] Epoch 1 Step 400/460 | loss=0.2029 infonce=0.1035 dist=0.2483 | lr=1.81e-05
2026-03-14 15:03:51 - INFO - __main__ - [stage1] Epoch 1 Step 450/460 | loss=0.2008 infonce=0.1021 dist=0.2469 | lr=1.78e-05
2026-03-14 15:03:56 - INFO - __main__ - [stage1] Epoch 1 finished | avg_loss=0.2006 accuracy=0.9754 | time=152.9s | nan_batches=0
2026-03-14 15:04:15 - INFO - __main__ - [stage1] Epoch 1 validation: nll_loss=0.1553 accuracy=0.9738
2026-03-14 15:04:18 - INFO - __main__ - Saved checkpoint: checkpoint_epoch_1.pt (epoch=1, step=920)
2026-03-14 15:04:22 - INFO - __main__ - Saved checkpoint: best_stage1.pt (epoch=1, step=920)
2026-03-14 15:04:23 - INFO - __main__ - Saved best model to ./checkpoints/nq/best_model_stage1
2026-03-14 15:04:23 - INFO - __main__ - [stage1] New best nll_loss=0.1553 at epoch 1
2026-03-14 15:04:42 - INFO - __main__ - [stage1] Epoch 2 Step 50/460 | loss=0.1414 infonce=0.0531 dist=0.2208 | lr=1.75e-05
2026-03-14 15:04:58 - INFO - __main__ - [stage1] Epoch 2 Step 100/460 | loss=0.1421 infonce=0.0547 dist=0.2186 | lr=1.73e-05
2026-03-14 15:05:14 - INFO - __main__ - [stage1] Epoch 2 Step 150/460 | loss=0.1401 infonce=0.0536 dist=0.2164 | lr=1.71e-05
2026-03-14 15:05:30 - INFO - __main__ - [stage1] Epoch 2 Step 200/460 | loss=0.1403 infonce=0.0542 dist=0.2151 | lr=1.68e-05
2026-03-14 15:05:47 - INFO - __main__ - [stage1] Epoch 2 Step 250/460 | loss=0.1402 infonce=0.0546 dist=0.2140 | lr=1.66e-05
2026-03-14 15:06:04 - INFO - __main__ - [stage1] Epoch 2 Step 300/460 | loss=0.1404 infonce=0.0552 dist=0.2132 | lr=1.63e-05
2026-03-14 15:06:20 - INFO - __main__ - [stage1] Epoch 2 Step 350/460 | loss=0.1396 infonce=0.0547 dist=0.2124 | lr=1.61e-05
2026-03-14 15:06:36 - INFO - __main__ - [stage1] Epoch 2 Step 400/460 | loss=0.1387 infonce=0.0541 dist=0.2114 | lr=1.58e-05
2026-03-14 15:06:53 - INFO - __main__ - [stage1] Epoch 2 Step 450/460 | loss=0.1380 infonce=0.0538 dist=0.2104 | lr=1.56e-05
2026-03-14 15:06:57 - INFO - __main__ - [stage1] Epoch 2 finished | avg_loss=0.1377 accuracy=0.9876 | time=153.8s | nan_batches=0
2026-03-14 15:07:16 - INFO - __main__ - [stage1] Epoch 2 validation: nll_loss=0.1461 accuracy=0.9721
2026-03-14 15:07:19 - INFO - __main__ - Saved checkpoint: checkpoint_epoch_2.pt (epoch=2, step=1380)
2026-03-14 15:07:22 - INFO - __main__ - Saved checkpoint: best_stage1.pt (epoch=2, step=1380)
2026-03-14 15:07:23 - INFO - __main__ - Saved best model to ./checkpoints/nq/best_model_stage1
2026-03-14 15:07:23 - INFO - __main__ - [stage1] New best nll_loss=0.1461 at epoch 2
2026-03-14 15:07:42 - INFO - __main__ - [stage1] Epoch 3 Step 50/460 | loss=0.1146 infonce=0.0380 dist=0.1916 | lr=1.53e-05
2026-03-14 15:07:58 - INFO - __main__ - [stage1] Epoch 3 Step 100/460 | loss=0.1186 infonce=0.0426 dist=0.1899 | lr=1.51e-05
2026-03-14 15:08:14 - INFO - __main__ - [stage1] Epoch 3 Step 150/460 | loss=0.1178 infonce=0.0421 dist=0.1892 | lr=1.48e-05
2026-03-14 15:08:30 - INFO - __main__ - [stage1] Epoch 3 Step 200/460 | loss=0.1173 infonce=0.0417 dist=0.1890 | lr=1.46e-05
2026-03-14 15:08:47 - INFO - __main__ - [stage1] Epoch 3 Step 250/460 | loss=0.1168 infonce=0.0413 dist=0.1888 | lr=1.43e-05
2026-03-14 15:09:03 - INFO - __main__ - [stage1] Epoch 3 Step 300/460 | loss=0.1163 infonce=0.0412 dist=0.1879 | lr=1.41e-05
2026-03-14 15:09:19 - INFO - __main__ - [stage1] Epoch 3 Step 350/460 | loss=0.1159 infonce=0.0409 dist=0.1873 | lr=1.39e-05
2026-03-14 15:09:36 - INFO - __main__ - [stage1] Epoch 3 Step 400/460 | loss=0.1153 infonce=0.0407 dist=0.1867 | lr=1.36e-05
2026-03-14 15:09:52 - INFO - __main__ - [stage1] Epoch 3 Step 450/460 | loss=0.1155 infonce=0.0409 dist=0.1865 | lr=1.34e-05
2026-03-14 15:09:57 - INFO - __main__ - [stage1] Epoch 3 finished | avg_loss=0.1155 accuracy=0.9909 | time=153.2s | nan_batches=0
2026-03-14 15:10:16 - INFO - __main__ - [stage1] Epoch 3 validation: nll_loss=0.1444 accuracy=0.9701
2026-03-14 15:10:19 - INFO - __main__ - Saved checkpoint: checkpoint_epoch_3.pt (epoch=3, step=1840)
2026-03-14 15:10:22 - INFO - __main__ - Saved checkpoint: best_stage1.pt (epoch=3, step=1840)
2026-03-14 15:10:23 - INFO - __main__ - Saved best model to ./checkpoints/nq/best_model_stage1
2026-03-14 15:10:23 - INFO - __main__ - [stage1] New best nll_loss=0.1444 at epoch 3
2026-03-14 15:10:42 - INFO - __main__ - [stage1] Epoch 4 Step 50/460 | loss=0.1080 infonce=0.0371 dist=0.1772 | lr=1.31e-05
2026-03-14 15:10:58 - INFO - __main__ - [stage1] Epoch 4 Step 100/460 | loss=0.1055 infonce=0.0355 dist=0.1750 | lr=1.29e-05
2026-03-14 15:11:14 - INFO - __main__ - [stage1] Epoch 4 Step 150/460 | loss=0.1053 infonce=0.0358 dist=0.1737 | lr=1.26e-05
2026-03-14 15:11:31 - INFO - __main__ - [stage1] Epoch 4 Step 200/460 | loss=0.1046 infonce=0.0354 dist=0.1728 | lr=1.24e-05
2026-03-14 15:11:47 - INFO - __main__ - [stage1] Epoch 4 Step 250/460 | loss=0.1039 infonce=0.0349 dist=0.1724 | lr=1.21e-05
2026-03-14 15:12:03 - INFO - __main__ - [stage1] Epoch 4 Step 300/460 | loss=0.1037 infonce=0.0351 dist=0.1715 | lr=1.19e-05
2026-03-14 15:12:19 - INFO - __main__ - [stage1] Epoch 4 Step 350/460 | loss=0.1038 infonce=0.0353 dist=0.1710 | lr=1.16e-05
2026-03-14 15:12:35 - INFO - __main__ - [stage1] Epoch 4 Step 400/460 | loss=0.1038 infonce=0.0356 dist=0.1706 | lr=1.14e-05
2026-03-14 15:12:51 - INFO - __main__ - [stage1] Epoch 4 Step 450/460 | loss=0.1039 infonce=0.0357 dist=0.1705 | lr=1.12e-05
2026-03-14 15:12:56 - INFO - __main__ - [stage1] Epoch 4 finished | avg_loss=0.1039 accuracy=0.9915 | time=152.7s | nan_batches=0
2026-03-14 15:13:15 - INFO - __main__ - [stage1] Epoch 4 validation: nll_loss=0.1439 accuracy=0.9707
2026-03-14 15:13:18 - INFO - __main__ - Saved checkpoint: checkpoint_epoch_4.pt (epoch=4, step=2300)
2026-03-14 15:13:21 - INFO - __main__ - Saved checkpoint: best_stage1.pt (epoch=4, step=2300)
2026-03-14 15:13:23 - INFO - __main__ - Saved best model to ./checkpoints/nq/best_model_stage1
2026-03-14 15:13:23 - INFO - __main__ - [stage1] New best nll_loss=0.1439 at epoch 4
2026-03-14 15:13:41 - INFO - __main__ - [stage1] Epoch 5 Step 50/460 | loss=0.0946 infonce=0.0300 dist=0.1616 | lr=1.09e-05
2026-03-14 15:13:57 - INFO - __main__ - [stage1] Epoch 5 Step 100/460 | loss=0.0958 infonce=0.0316 dist=0.1605 | lr=1.06e-05
2026-03-14 15:14:13 - INFO - __main__ - [stage1] Epoch 5 Step 150/460 | loss=0.0969 infonce=0.0326 dist=0.1607 | lr=1.04e-05
2026-03-14 15:14:29 - INFO - __main__ - [stage1] Epoch 5 Step 200/460 | loss=0.0969 infonce=0.0328 dist=0.1603 | lr=1.01e-05
2026-03-14 15:14:46 - INFO - __main__ - [stage1] Epoch 5 Step 250/460 | loss=0.0962 infonce=0.0322 dist=0.1601 | lr=9.90e-06
2026-03-14 15:15:02 - INFO - __main__ - [stage1] Epoch 5 Step 300/460 | loss=0.0969 infonce=0.0329 dist=0.1599 | lr=9.66e-06
2026-03-14 15:15:18 - INFO - __main__ - [stage1] Epoch 5 Step 350/460 | loss=0.0968 infonce=0.0330 dist=0.1596 | lr=9.42e-06
2026-03-14 15:15:34 - INFO - __main__ - [stage1] Epoch 5 Step 400/460 | loss=0.0966 infonce=0.0329 dist=0.1592 | lr=9.18e-06
2026-03-14 15:15:51 - INFO - __main__ - [stage1] Epoch 5 Step 450/460 | loss=0.0966 infonce=0.0330 dist=0.1591 | lr=8.94e-06
2026-03-14 15:15:56 - INFO - __main__ - [stage1] Epoch 5 finished | avg_loss=0.0965 accuracy=0.9922 | time=153.6s | nan_batches=0
2026-03-14 15:16:16 - INFO - __main__ - [stage1] Epoch 5 validation: nll_loss=0.1403 accuracy=0.9711
2026-03-14 15:16:18 - INFO - __main__ - Saved checkpoint: checkpoint_epoch_5.pt (epoch=5, step=2760)
2026-03-14 15:16:22 - INFO - __main__ - Saved checkpoint: best_stage1.pt (epoch=5, step=2760)
2026-03-14 15:16:23 - INFO - __main__ - Saved best model to ./checkpoints/nq/best_model_stage1
2026-03-14 15:16:23 - INFO - __main__ - [stage1] New best nll_loss=0.1403 at epoch 5
2026-03-14 15:16:41 - INFO - __main__ - [stage1] Epoch 6 Step 50/460 | loss=0.0928 infonce=0.0312 dist=0.1540 | lr=8.65e-06
2026-03-14 15:16:57 - INFO - __main__ - [stage1] Epoch 6 Step 100/460 | loss=0.0917 infonce=0.0308 dist=0.1523 | lr=8.41e-06
2026-03-14 15:17:13 - INFO - __main__ - [stage1] Epoch 6 Step 150/460 | loss=0.0903 infonce=0.0295 dist=0.1520 | lr=8.16e-06
2026-03-14 15:17:29 - INFO - __main__ - [stage1] Epoch 6 Step 200/460 | loss=0.0906 infonce=0.0298 dist=0.1520 | lr=7.92e-06
2026-03-14 15:17:45 - INFO - __main__ - [stage1] Epoch 6 Step 250/460 | loss=0.0911 infonce=0.0305 dist=0.1516 | lr=7.68e-06
2026-03-14 15:18:02 - INFO - __main__ - [stage1] Epoch 6 Step 300/460 | loss=0.0915 infonce=0.0310 dist=0.1513 | lr=7.44e-06
2026-03-14 15:18:18 - INFO - __main__ - [stage1] Epoch 6 Step 350/460 | loss=0.0911 infonce=0.0307 dist=0.1511 | lr=7.20e-06
2026-03-14 15:18:34 - INFO - __main__ - [stage1] Epoch 6 Step 400/460 | loss=0.0910 infonce=0.0306 dist=0.1508 | lr=6.96e-06
2026-03-14 15:18:51 - INFO - __main__ - [stage1] Epoch 6 Step 450/460 | loss=0.0909 infonce=0.0306 dist=0.1506 | lr=6.71e-06
2026-03-14 15:18:56 - INFO - __main__ - [stage1] Epoch 6 finished | avg_loss=0.0911 accuracy=0.9927 | time=152.7s | nan_batches=0
2026-03-14 15:19:15 - INFO - __main__ - [stage1] Epoch 6 validation: nll_loss=0.1404 accuracy=0.9704
2026-03-14 15:19:17 - INFO - __main__ - Saved checkpoint: checkpoint_epoch_6.pt (epoch=6, step=3220)
2026-03-14 15:19:17 - INFO - __main__ - [stage1] No improvement. patience=1 (early stopping disabled)
2026-03-14 15:19:36 - INFO - __main__ - [stage1] Epoch 7 Step 50/460 | loss=0.0881 infonce=0.0293 dist=0.1471 | lr=6.43e-06
2026-03-14 15:19:52 - INFO - __main__ - [stage1] Epoch 7 Step 100/460 | loss=0.0884 infonce=0.0298 dist=0.1466 | lr=6.18e-06
2026-03-14 15:20:08 - INFO - __main__ - [stage1] Epoch 7 Step 150/460 | loss=0.0876 infonce=0.0292 dist=0.1459 | lr=5.94e-06
2026-03-14 15:20:24 - INFO - __main__ - [stage1] Epoch 7 Step 200/460 | loss=0.0872 infonce=0.0291 dist=0.1454 | lr=5.70e-06
2026-03-14 15:20:41 - INFO - __main__ - [stage1] Epoch 7 Step 250/460 | loss=0.0873 infonce=0.0293 dist=0.1451 | lr=5.46e-06
2026-03-14 15:20:57 - INFO - __main__ - [stage1] Epoch 7 Step 300/460 | loss=0.0868 infonce=0.0288 dist=0.1448 | lr=5.22e-06
2026-03-14 15:21:13 - INFO - __main__ - [stage1] Epoch 7 Step 350/460 | loss=0.0867 infonce=0.0289 dist=0.1445 | lr=4.98e-06
2026-03-14 15:21:29 - INFO - __main__ - [stage1] Epoch 7 Step 400/460 | loss=0.0864 infonce=0.0287 dist=0.1444 | lr=4.73e-06
2026-03-14 15:21:45 - INFO - __main__ - [stage1] Epoch 7 Step 450/460 | loss=0.0866 infonce=0.0290 dist=0.1442 | lr=4.49e-06
2026-03-14 15:21:50 - INFO - __main__ - [stage1] Epoch 7 finished | avg_loss=0.0865 accuracy=0.9928 | time=153.1s | nan_batches=0
2026-03-14 15:22:10 - INFO - __main__ - [stage1] Epoch 7 validation: nll_loss=0.1407 accuracy=0.9698
2026-03-14 15:22:12 - INFO - __main__ - Saved checkpoint: checkpoint_epoch_7.pt (epoch=7, step=3680)
2026-03-14 15:22:12 - INFO - __main__ - [stage1] No improvement. patience=2 (early stopping disabled)
2026-03-14 15:22:30 - INFO - __main__ - [stage1] Epoch 8 Step 50/460 | loss=0.0808 infonce=0.0252 dist=0.1390 | lr=4.20e-06
2026-03-14 15:22:47 - INFO - __main__ - [stage1] Epoch 8 Step 100/460 | loss=0.0814 infonce=0.0257 dist=0.1393 | lr=3.96e-06
2026-03-14 15:23:03 - INFO - __main__ - [stage1] Epoch 8 Step 150/460 | loss=0.0823 infonce=0.0265 dist=0.1394 | lr=3.72e-06
2026-03-14 15:23:19 - INFO - __main__ - [stage1] Epoch 8 Step 200/460 | loss=0.0824 infonce=0.0266 dist=0.1394 | lr=3.48e-06
2026-03-14 15:23:35 - INFO - __main__ - [stage1] Epoch 8 Step 250/460 | loss=0.0823 infonce=0.0266 dist=0.1393 | lr=3.24e-06
2026-03-14 15:23:52 - INFO - __main__ - [stage1] Epoch 8 Step 300/460 | loss=0.0828 infonce=0.0271 dist=0.1392 | lr=3.00e-06
2026-03-14 15:24:08 - INFO - __main__ - [stage1] Epoch 8 Step 350/460 | loss=0.0831 infonce=0.0274 dist=0.1392 | lr=2.75e-06
2026-03-14 15:24:25 - INFO - __main__ - [stage1] Epoch 8 Step 400/460 | loss=0.0830 infonce=0.0273 dist=0.1391 | lr=2.51e-06
2026-03-14 15:24:41 - INFO - __main__ - [stage1] Epoch 8 Step 450/460 | loss=0.0830 infonce=0.0274 dist=0.1391 | lr=2.27e-06
2026-03-14 15:24:45 - INFO - __main__ - [stage1] Epoch 8 finished | avg_loss=0.0833 accuracy=0.9929 | time=153.2s | nan_batches=0
2026-03-14 15:25:05 - INFO - __main__ - [stage1] Epoch 8 validation: nll_loss=0.1395 accuracy=0.9704
2026-03-14 15:25:07 - INFO - __main__ - Saved checkpoint: checkpoint_epoch_8.pt (epoch=8, step=4140)
2026-03-14 15:25:11 - INFO - __main__ - Saved checkpoint: best_stage1.pt (epoch=8, step=4140)
2026-03-14 15:25:12 - INFO - __main__ - Saved best model to ./checkpoints/nq/best_model_stage1
2026-03-14 15:25:12 - INFO - __main__ - [stage1] New best nll_loss=0.1395 at epoch 8
2026-03-14 15:25:30 - INFO - __main__ - [stage1] Epoch 9 Step 50/460 | loss=0.0797 infonce=0.0243 dist=0.1385 | lr=1.98e-06
2026-03-14 15:25:47 - INFO - __main__ - [stage1] Epoch 9 Step 100/460 | loss=0.0799 infonce=0.0249 dist=0.1375 | lr=1.74e-06
2026-03-14 15:26:03 - INFO - __main__ - [stage1] Epoch 9 Step 150/460 | loss=0.0801 infonce=0.0253 dist=0.1371 | lr=1.50e-06
2026-03-14 15:26:20 - INFO - __main__ - [stage1] Epoch 9 Step 200/460 | loss=0.0802 infonce=0.0253 dist=0.1371 | lr=1.26e-06
2026-03-14 15:26:36 - INFO - __main__ - [stage1] Epoch 9 Step 250/460 | loss=0.0804 infonce=0.0257 dist=0.1369 | lr=1.01e-06
2026-03-14 15:26:53 - INFO - __main__ - [stage1] Epoch 9 Step 300/460 | loss=0.0803 infonce=0.0257 dist=0.1366 | lr=7.73e-07
2026-03-14 15:27:09 - INFO - __main__ - [stage1] Epoch 9 Step 350/460 | loss=0.0801 infonce=0.0255 dist=0.1366 | lr=5.31e-07
2026-03-14 15:27:25 - INFO - __main__ - [stage1] Epoch 9 Step 400/460 | loss=0.0801 infonce=0.0255 dist=0.1365 | lr=2.90e-07
2026-03-14 15:27:41 - INFO - __main__ - [stage1] Epoch 9 Step 450/460 | loss=0.0802 infonce=0.0257 dist=0.1364 | lr=4.83e-08
2026-03-14 15:27:46 - INFO - __main__ - [stage1] Epoch 9 finished | avg_loss=0.0803 accuracy=0.9942 | time=154.2s | nan_batches=0
2026-03-14 15:28:05 - INFO - __main__ - [stage1] Epoch 9 validation: nll_loss=0.1399 accuracy=0.9708
2026-03-14 15:28:08 - INFO - __main__ - Saved checkpoint: checkpoint_epoch_9.pt (epoch=9, step=4600)
2026-03-14 15:28:08 - INFO - __main__ - [stage1] No improvement. patience=1 (early stopping disabled)
2026-03-14 15:28:08 - INFO - __main__ - Stage 1 complete. Best NLL loss: 0.1395
2026-03-14 15:28:08 - INFO - __main__ - Loading best Stage 1 model from ./checkpoints/nq/best_model_stage1
2026-03-14 15:28:11 - INFO - __main__ - ============================================================
2026-03-14 15:28:11 - INFO - __main__ - Stage 2: BM25 Hard Negatives (epochs 10-29)
2026-03-14 15:28:11 - INFO - __main__ - ============================================================
2026-03-14 15:28:45 - INFO - src.data.dataset - Loaded 58880 samples from ./data_set/NQ/nq-train.json (stage=hard_neg)
2026-03-14 15:28:50 - INFO - src.data.dataset - Loaded 6515 samples from ./data_set/NQ/nq-dev.json (stage=hard_neg)
2026-03-14 15:28:50 - INFO - __main__ - Stage 2: batch_size=32, grad_accum=4, total_steps=9200, warmup_steps=920
2026-03-14 15:29:28 - INFO - __main__ - [stage2] Epoch 10 Step 50/1840 | loss=0.6865 infonce=0.6309 dist=0.1391 | lr=2.61e-07
2026-03-14 15:30:02 - INFO - __main__ - [stage2] Epoch 10 Step 100/1840 | loss=0.6937 infonce=0.6380 dist=0.1393 | lr=5.43e-07
2026-03-14 15:30:36 - INFO - __main__ - [stage2] Epoch 10 Step 150/1840 | loss=0.6858 infonce=0.6302 dist=0.1389 | lr=8.04e-07
2026-03-14 15:31:09 - INFO - __main__ - [stage2] Epoch 10 Step 200/1840 | loss=0.6809 infonce=0.6253 dist=0.1392 | lr=1.09e-06
2026-03-14 15:31:42 - INFO - __main__ - [stage2] Epoch 10 Step 250/1840 | loss=0.6725 infonce=0.6166 dist=0.1398 | lr=1.35e-06
2026-03-14 15:32:16 - INFO - __main__ - [stage2] Epoch 10 Step 300/1840 | loss=0.6674 infonce=0.6110 dist=0.1410 | lr=1.63e-06
2026-03-14 15:32:50 - INFO - __main__ - [stage2] Epoch 10 Step 350/1840 | loss=0.6546 infonce=0.5976 dist=0.1425 | lr=1.89e-06
2026-03-14 15:33:26 - INFO - __main__ - [stage2] Epoch 10 Step 400/1840 | loss=0.6451 infonce=0.5874 dist=0.1442 | lr=2.17e-06
2026-03-14 15:33:59 - INFO - __main__ - [stage2] Epoch 10 Step 450/1840 | loss=0.6402 infonce=0.5817 dist=0.1463 | lr=2.43e-06
2026-03-14 15:34:33 - INFO - __main__ - [stage2] Epoch 10 Step 500/1840 | loss=0.6321 infonce=0.5727 dist=0.1484 | lr=2.72e-06
2026-03-14 15:35:08 - INFO - __main__ - [stage2] Epoch 10 Step 550/1840 | loss=0.6267 infonce=0.5665 dist=0.1504 | lr=2.98e-06
2026-03-14 15:35:44 - INFO - __main__ - [stage2] Epoch 10 Step 600/1840 | loss=0.6204 infonce=0.5594 dist=0.1524 | lr=3.26e-06
2026-03-14 15:36:18 - INFO - __main__ - [stage2] Epoch 10 Step 650/1840 | loss=0.6149 infonce=0.5532 dist=0.1543 | lr=3.52e-06
2026-03-14 15:36:51 - INFO - __main__ - [stage2] Epoch 10 Step 700/1840 | loss=0.6094 infonce=0.5469 dist=0.1564 | lr=3.80e-06
2026-03-14 15:37:26 - INFO - __main__ - [stage2] Epoch 10 Step 750/1840 | loss=0.6046 infonce=0.5412 dist=0.1586 | lr=4.07e-06
2026-03-14 15:38:00 - INFO - __main__ - [stage2] Epoch 10 Step 800/1840 | loss=0.5988 infonce=0.5345 dist=0.1605 | lr=4.35e-06
2026-03-14 15:38:35 - INFO - __main__ - [stage2] Epoch 10 Step 850/1840 | loss=0.5936 infonce=0.5286 dist=0.1626 | lr=4.61e-06
2026-03-14 15:39:09 - INFO - __main__ - [stage2] Epoch 10 Step 900/1840 | loss=0.5895 infonce=0.5236 dist=0.1647 | lr=4.89e-06
2026-03-14 15:39:43 - INFO - __main__ - [stage2] Epoch 10 Step 950/1840 | loss=0.5843 infonce=0.5176 dist=0.1666 | lr=5.15e-06
2026-03-14 15:40:17 - INFO - __main__ - [stage2] Epoch 10 Step 1000/1840 | loss=0.5812 infonce=0.5137 dist=0.1686 | lr=5.43e-06
2026-03-14 15:40:52 - INFO - __main__ - [stage2] Epoch 10 Step 1050/1840 | loss=0.5763 infonce=0.5082 dist=0.1703 | lr=5.70e-06
2026-03-14 15:41:26 - INFO - __main__ - [stage2] Epoch 10 Step 1100/1840 | loss=0.5719 infonce=0.5031 dist=0.1720 | lr=5.98e-06
2026-03-14 15:42:00 - INFO - __main__ - [stage2] Epoch 10 Step 1150/1840 | loss=0.5696 infonce=0.5001 dist=0.1737 | lr=6.24e-06
2026-03-14 15:42:34 - INFO - __main__ - [stage2] Epoch 10 Step 1200/1840 | loss=0.5658 infonce=0.4956 dist=0.1755 | lr=6.52e-06
2026-03-14 15:43:08 - INFO - __main__ - [stage2] Epoch 10 Step 1250/1840 | loss=0.5621 infonce=0.4913 dist=0.1771 | lr=6.78e-06
2026-03-14 15:43:41 - INFO - __main__ - [stage2] Epoch 10 Step 1300/1840 | loss=0.5588 infonce=0.4873 dist=0.1788 | lr=7.07e-06
2026-03-14 15:44:14 - INFO - __main__ - [stage2] Epoch 10 Step 1350/1840 | loss=0.5552 infonce=0.4831 dist=0.1802 | lr=7.33e-06
2026-03-14 15:44:48 - INFO - __main__ - [stage2] Epoch 10 Step 1400/1840 | loss=0.5514 infonce=0.4787 dist=0.1817 | lr=7.61e-06
2026-03-14 15:45:21 - INFO - __main__ - [stage2] Epoch 10 Step 1450/1840 | loss=0.5482 infonce=0.4750 dist=0.1831 | lr=7.87e-06
2026-03-14 15:45:55 - INFO - __main__ - [stage2] Epoch 10 Step 1500/1840 | loss=0.5451 infonce=0.4713 dist=0.1844 | lr=8.15e-06
2026-03-14 15:46:29 - INFO - __main__ - [stage2] Epoch 10 Step 1550/1840 | loss=0.5426 infonce=0.4683 dist=0.1859 | lr=8.41e-06
2026-03-14 15:47:04 - INFO - __main__ - [stage2] Epoch 10 Step 1600/1840 | loss=0.5403 infonce=0.4654 dist=0.1873 | lr=8.70e-06
2026-03-14 15:47:39 - INFO - __main__ - [stage2] Epoch 10 Step 1650/1840 | loss=0.5382 infonce=0.4628 dist=0.1886 | lr=8.96e-06
2026-03-14 15:48:12 - INFO - __main__ - [stage2] Epoch 10 Step 1700/1840 | loss=0.5360 infonce=0.4601 dist=0.1899 | lr=9.24e-06
2026-03-14 15:48:47 - INFO - __main__ - [stage2] Epoch 10 Step 1750/1840 | loss=0.5334 infonce=0.4569 dist=0.1911 | lr=9.50e-06
2026-03-14 15:49:21 - INFO - __main__ - [stage2] Epoch 10 Step 1800/1840 | loss=0.5315 infonce=0.4546 dist=0.1922 | lr=9.78e-06
2026-03-14 15:49:53 - INFO - __main__ - [stage2] Epoch 10 finished | avg_loss=0.5289 accuracy=0.8563 | time=1262.7s | nan_batches=0
2026-03-14 15:52:26 - INFO - __main__ - [stage2] Epoch 10 validation: nll_loss=0.5871 accuracy=0.8370
2026-03-14 15:52:29 - INFO - __main__ - Saved checkpoint: checkpoint_epoch_10.pt (epoch=10, step=460)
2026-03-14 15:52:32 - INFO - __main__ - Saved checkpoint: best_stage2.pt (epoch=10, step=460)
2026-03-14 15:52:32 - INFO - __main__ - Saved best model to ./checkpoints/nq/best_model_stage2
2026-03-14 15:52:32 - INFO - __main__ - [stage2] New best nll_loss=0.5871 at epoch 10
2026-03-14 15:53:12 - INFO - __main__ - [stage2] Epoch 11 Step 50/1840 | loss=0.4067 infonce=0.3149 dist=0.2293 | lr=1.03e-05
2026-03-14 15:53:46 - INFO - __main__ - [stage2] Epoch 11 Step 100/1840 | loss=0.4110 infonce=0.3190 dist=0.2300 | lr=1.05e-05
2026-03-14 15:54:20 - INFO - __main__ - [stage2] Epoch 11 Step 150/1840 | loss=0.4160 infonce=0.3234 dist=0.2314 | lr=1.08e-05
2026-03-14 15:54:54 - INFO - __main__ - [stage2] Epoch 11 Step 200/1840 | loss=0.4117 infonce=0.3186 dist=0.2327 | lr=1.11e-05
2026-03-14 15:55:27 - INFO - __main__ - [stage2] Epoch 11 Step 250/1840 | loss=0.4101 infonce=0.3172 dist=0.2322 | lr=1.13e-05
2026-03-14 15:56:01 - INFO - __main__ - [stage2] Epoch 11 Step 300/1840 | loss=0.4052 infonce=0.3119 dist=0.2332 | lr=1.16e-05
2026-03-14 15:56:36 - INFO - __main__ - [stage2] Epoch 11 Step 350/1840 | loss=0.4044 infonce=0.3111 dist=0.2334 | lr=1.19e-05
2026-03-14 15:57:10 - INFO - __main__ - [stage2] Epoch 11 Step 400/1840 | loss=0.4037 infonce=0.3101 dist=0.2340 | lr=1.22e-05
2026-03-14 15:57:45 - INFO - __main__ - [stage2] Epoch 11 Step 450/1840 | loss=0.4038 infonce=0.3100 dist=0.2345 | lr=1.24e-05
2026-03-14 15:58:18 - INFO - __main__ - [stage2] Epoch 11 Step 500/1840 | loss=0.4033 infonce=0.3091 dist=0.2354 | lr=1.27e-05
2026-03-14 15:58:55 - INFO - __main__ - [stage2] Epoch 11 Step 550/1840 | loss=0.4039 infonce=0.3096 dist=0.2359 | lr=1.30e-05
2026-03-14 15:59:29 - INFO - __main__ - [stage2] Epoch 11 Step 600/1840 | loss=0.4036 infonce=0.3090 dist=0.2365 | lr=1.33e-05
2026-03-14 16:00:03 - INFO - __main__ - [stage2] Epoch 11 Step 650/1840 | loss=0.4019 infonce=0.3071 dist=0.2371 | lr=1.35e-05
2026-03-14 16:00:36 - INFO - __main__ - [stage2] Epoch 11 Step 700/1840 | loss=0.4007 infonce=0.3056 dist=0.2376 | lr=1.38e-05
2026-03-14 16:01:10 - INFO - __main__ - [stage2] Epoch 11 Step 750/1840 | loss=0.4015 infonce=0.3062 dist=0.2382 | lr=1.41e-05
2026-03-14 16:01:44 - INFO - __main__ - [stage2] Epoch 11 Step 800/1840 | loss=0.4022 infonce=0.3068 dist=0.2387 | lr=1.43e-05
2026-03-14 16:02:18 - INFO - __main__ - [stage2] Epoch 11 Step 850/1840 | loss=0.4016 infonce=0.3060 dist=0.2391 | lr=1.46e-05
2026-03-14 16:02:52 - INFO - __main__ - [stage2] Epoch 11 Step 900/1840 | loss=0.4012 infonce=0.3054 dist=0.2394 | lr=1.49e-05
2026-03-14 16:03:26 - INFO - __main__ - [stage2] Epoch 11 Step 950/1840 | loss=0.4016 infonce=0.3057 dist=0.2398 | lr=1.52e-05
2026-03-14 16:04:00 - INFO - __main__ - [stage2] Epoch 11 Step 1000/1840 | loss=0.4013 infonce=0.3051 dist=0.2405 | lr=1.54e-05
2026-03-14 16:04:34 - INFO - __main__ - [stage2] Epoch 11 Step 1050/1840 | loss=0.4002 infonce=0.3040 dist=0.2405 | lr=1.57e-05
2026-03-14 16:05:07 - INFO - __main__ - [stage2] Epoch 11 Step 1100/1840 | loss=0.4003 infonce=0.3039 dist=0.2411 | lr=1.60e-05
2026-03-14 16:05:42 - INFO - __main__ - [stage2] Epoch 11 Step 1150/1840 | loss=0.4001 infonce=0.3037 dist=0.2411 | lr=1.62e-05
2026-03-14 16:06:16 - INFO - __main__ - [stage2] Epoch 11 Step 1200/1840 | loss=0.3998 infonce=0.3032 dist=0.2415 | lr=1.65e-05
2026-03-14 16:06:49 - INFO - __main__ - [stage2] Epoch 11 Step 1250/1840 | loss=0.4007 infonce=0.3041 dist=0.2415 | lr=1.68e-05
2026-03-14 16:07:24 - INFO - __main__ - [stage2] Epoch 11 Step 1300/1840 | loss=0.3999 infonce=0.3031 dist=0.2420 | lr=1.71e-05
2026-03-14 16:07:57 - INFO - __main__ - [stage2] Epoch 11 Step 1350/1840 | loss=0.3993 infonce=0.3024 dist=0.2422 | lr=1.73e-05
2026-03-14 16:08:31 - INFO - __main__ - [stage2] Epoch 11 Step 1400/1840 | loss=0.3988 infonce=0.3019 dist=0.2424 | lr=1.76e-05
2026-03-14 16:09:05 - INFO - __main__ - [stage2] Epoch 11 Step 1450/1840 | loss=0.3987 infonce=0.3016 dist=0.2428 | lr=1.79e-05
2026-03-14 16:09:39 - INFO - __main__ - [stage2] Epoch 11 Step 1500/1840 | loss=0.3984 infonce=0.3013 dist=0.2427 | lr=1.82e-05
2026-03-14 16:10:13 - INFO - __main__ - [stage2] Epoch 11 Step 1550/1840 | loss=0.3987 infonce=0.3015 dist=0.2429 | lr=1.84e-05
2026-03-14 16:10:48 - INFO - __main__ - [stage2] Epoch 11 Step 1600/1840 | loss=0.3983 infonce=0.3011 dist=0.2430 | lr=1.87e-05
2026-03-14 16:11:22 - INFO - __main__ - [stage2] Epoch 11 Step 1650/1840 | loss=0.3980 infonce=0.3007 dist=0.2433 | lr=1.90e-05
2026-03-14 16:11:57 - INFO - __main__ - [stage2] Epoch 11 Step 1700/1840 | loss=0.3980 infonce=0.3006 dist=0.2435 | lr=1.92e-05
2026-03-14 16:12:31 - INFO - __main__ - [stage2] Epoch 11 Step 1750/1840 | loss=0.3980 infonce=0.3006 dist=0.2436 | lr=1.95e-05
2026-03-14 16:13:05 - INFO - __main__ - [stage2] Epoch 11 Step 1800/1840 | loss=0.3981 infonce=0.3006 dist=0.2438 | lr=1.98e-05
2026-03-14 16:13:35 - INFO - __main__ - [stage2] Epoch 11 finished | avg_loss=0.3982 accuracy=0.8994 | time=1262.9s | nan_batches=0
2026-03-14 16:16:05 - INFO - __main__ - [stage2] Epoch 11 validation: nll_loss=0.5216 accuracy=0.8589
2026-03-14 16:16:08 - INFO - __main__ - Saved checkpoint: checkpoint_epoch_11.pt (epoch=11, step=920)
2026-03-14 16:16:11 - INFO - __main__ - Saved checkpoint: best_stage2.pt (epoch=11, step=920)
2026-03-14 16:16:13 - INFO - __main__ - Saved best model to ./checkpoints/nq/best_model_stage2
2026-03-14 16:16:13 - INFO - __main__ - [stage2] New best nll_loss=0.5216 at epoch 11
2026-03-14 16:16:51 - INFO - __main__ - [stage2] Epoch 12 Step 50/1840 | loss=0.3220 infonce=0.2237 dist=0.2457 | lr=2.00e-05
2026-03-14 16:17:26 - INFO - __main__ - [stage2] Epoch 12 Step 100/1840 | loss=0.3469 infonce=0.2489 dist=0.2449 | lr=1.99e-05
2026-03-14 16:18:00 - INFO - __main__ - [stage2] Epoch 12 Step 150/1840 | loss=0.3447 infonce=0.2461 dist=0.2465 | lr=1.99e-05
2026-03-14 16:18:34 - INFO - __main__ - [stage2] Epoch 12 Step 200/1840 | loss=0.3374 infonce=0.2389 dist=0.2462 | lr=1.99e-05
2026-03-14 16:19:09 - INFO - __main__ - [stage2] Epoch 12 Step 250/1840 | loss=0.3340 infonce=0.2347 dist=0.2481 | lr=1.99e-05
2026-03-14 16:19:43 - INFO - __main__ - [stage2] Epoch 12 Step 300/1840 | loss=0.3307 infonce=0.2316 dist=0.2478 | lr=1.98e-05
2026-03-14 16:20:17 - INFO - __main__ - [stage2] Epoch 12 Step 350/1840 | loss=0.3310 infonce=0.2318 dist=0.2479 | lr=1.98e-05
2026-03-14 16:20:51 - INFO - __main__ - [stage2] Epoch 12 Step 400/1840 | loss=0.3306 infonce=0.2313 dist=0.2482 | lr=1.98e-05
2026-03-14 16:21:24 - INFO - __main__ - [stage2] Epoch 12 Step 450/1840 | loss=0.3297 infonce=0.2305 dist=0.2478 | lr=1.97e-05
2026-03-14 16:21:59 - INFO - __main__ - [stage2] Epoch 12 Step 500/1840 | loss=0.3284 infonce=0.2293 dist=0.2476 | lr=1.97e-05
2026-03-14 16:22:34 - INFO - __main__ - [stage2] Epoch 12 Step 550/1840 | loss=0.3273 infonce=0.2281 dist=0.2480 | lr=1.97e-05
2026-03-14 16:23:08 - INFO - __main__ - [stage2] Epoch 12 Step 600/1840 | loss=0.3284 infonce=0.2293 dist=0.2478 | lr=1.96e-05
2026-03-14 16:23:42 - INFO - __main__ - [stage2] Epoch 12 Step 650/1840 | loss=0.3279 infonce=0.2288 dist=0.2478 | lr=1.96e-05
2026-03-14 16:24:15 - INFO - __main__ - [stage2] Epoch 12 Step 700/1840 | loss=0.3276 infonce=0.2284 dist=0.2478 | lr=1.96e-05
2026-03-14 16:24:49 - INFO - __main__ - [stage2] Epoch 12 Step 750/1840 | loss=0.3275 infonce=0.2282 dist=0.2481 | lr=1.95e-05
2026-03-14 16:25:24 - INFO - __main__ - [stage2] Epoch 12 Step 800/1840 | loss=0.3276 infonce=0.2283 dist=0.2484 | lr=1.95e-05
2026-03-14 16:25:58 - INFO - __main__ - [stage2] Epoch 12 Step 850/1840 | loss=0.3275 infonce=0.2282 dist=0.2482 | lr=1.95e-05
2026-03-14 16:26:32 - INFO - __main__ - [stage2] Epoch 12 Step 900/1840 | loss=0.3273 infonce=0.2280 dist=0.2483 | lr=1.95e-05
2026-03-14 16:27:06 - INFO - __main__ - [stage2] Epoch 12 Step 950/1840 | loss=0.3278 infonce=0.2285 dist=0.2483 | lr=1.94e-05
2026-03-14 16:27:41 - INFO - __main__ - [stage2] Epoch 12 Step 1000/1840 | loss=0.3284 infonce=0.2291 dist=0.2484 | lr=1.94e-05
2026-03-14 16:28:14 - INFO - __main__ - [stage2] Epoch 12 Step 1050/1840 | loss=0.3288 infonce=0.2294 dist=0.2485 | lr=1.94e-05
2026-03-14 16:28:50 - INFO - __main__ - [stage2] Epoch 12 Step 1100/1840 | loss=0.3299 infonce=0.2306 dist=0.2484 | lr=1.93e-05
2026-03-14 16:29:23 - INFO - __main__ - [stage2] Epoch 12 Step 1150/1840 | loss=0.3294 infonce=0.2300 dist=0.2486 | lr=1.93e-05
2026-03-14 16:29:57 - INFO - __main__ - [stage2] Epoch 12 Step 1200/1840 | loss=0.3297 infonce=0.2302 dist=0.2488 | lr=1.93e-05
2026-03-14 16:30:31 - INFO - __main__ - [stage2] Epoch 12 Step 1250/1840 | loss=0.3295 infonce=0.2301 dist=0.2485 | lr=1.92e-05
2026-03-14 16:31:05 - INFO - __main__ - [stage2] Epoch 12 Step 1300/1840 | loss=0.3295 infonce=0.2301 dist=0.2485 | lr=1.92e-05
2026-03-14 16:31:39 - INFO - __main__ - [stage2] Epoch 12 Step 1350/1840 | loss=0.3286 infonce=0.2291 dist=0.2488 | lr=1.92e-05
2026-03-14 16:32:13 - INFO - __main__ - [stage2] Epoch 12 Step 1400/1840 | loss=0.3282 infonce=0.2286 dist=0.2488 | lr=1.92e-05
2026-03-14 16:32:47 - INFO - __main__ - [stage2] Epoch 12 Step 1450/1840 | loss=0.3276 infonce=0.2281 dist=0.2487 | lr=1.91e-05
2026-03-14 16:33:20 - INFO - __main__ - [stage2] Epoch 12 Step 1500/1840 | loss=0.3270 infonce=0.2275 dist=0.2486 | lr=1.91e-05
2026-03-14 16:33:53 - INFO - __main__ - [stage2] Epoch 12 Step 1550/1840 | loss=0.3266 infonce=0.2271 dist=0.2486 | lr=1.91e-05
2026-03-14 16:34:28 - INFO - __main__ - [stage2] Epoch 12 Step 1600/1840 | loss=0.3269 infonce=0.2275 dist=0.2486 | lr=1.90e-05
2026-03-14 16:35:02 - INFO - __main__ - [stage2] Epoch 12 Step 1650/1840 | loss=0.3265 infonce=0.2271 dist=0.2486 | lr=1.90e-05
2026-03-14 16:35:35 - INFO - __main__ - [stage2] Epoch 12 Step 1700/1840 | loss=0.3263 infonce=0.2268 dist=0.2488 | lr=1.90e-05
2026-03-14 16:36:08 - INFO - __main__ - [stage2] Epoch 12 Step 1750/1840 | loss=0.3261 infonce=0.2265 dist=0.2489 | lr=1.89e-05
2026-03-14 16:36:42 - INFO - __main__ - [stage2] Epoch 12 Step 1800/1840 | loss=0.3263 infonce=0.2267 dist=0.2490 | lr=1.89e-05
2026-03-14 16:37:12 - INFO - __main__ - [stage2] Epoch 12 finished | avg_loss=0.3266 accuracy=0.9248 | time=1259.1s | nan_batches=0
2026-03-14 16:39:42 - INFO - __main__ - [stage2] Epoch 12 validation: nll_loss=0.5021 accuracy=0.8662
2026-03-14 16:39:45 - INFO - __main__ - Saved checkpoint: checkpoint_epoch_12.pt (epoch=12, step=1380)
2026-03-14 16:39:49 - INFO - __main__ - Saved checkpoint: best_stage2.pt (epoch=12, step=1380)
2026-03-14 16:39:50 - INFO - __main__ - Saved best model to ./checkpoints/nq/best_model_stage2
2026-03-14 16:39:50 - INFO - __main__ - [stage2] New best nll_loss=0.5021 at epoch 12
2026-03-14 16:40:30 - INFO - __main__ - [stage2] Epoch 13 Step 50/1840 | loss=0.2800 infonce=0.1823 dist=0.2443 | lr=1.89e-05
2026-03-14 16:41:05 - INFO - __main__ - [stage2] Epoch 13 Step 100/1840 | loss=0.2699 infonce=0.1724 dist=0.2437 | lr=1.88e-05
2026-03-14 16:41:38 - INFO - __main__ - [stage2] Epoch 13 Step 150/1840 | loss=0.2693 infonce=0.1727 dist=0.2414 | lr=1.88e-05
2026-03-14 16:42:12 - INFO - __main__ - [stage2] Epoch 13 Step 200/1840 | loss=0.2722 infonce=0.1754 dist=0.2418 | lr=1.88e-05
2026-03-14 16:42:46 - INFO - __main__ - [stage2] Epoch 13 Step 250/1840 | loss=0.2695 infonce=0.1725 dist=0.2426 | lr=1.87e-05
2026-03-14 16:43:20 - INFO - __main__ - [stage2] Epoch 13 Step 300/1840 | loss=0.2701 infonce=0.1729 dist=0.2431 | lr=1.87e-05
2026-03-14 16:43:54 - INFO - __main__ - [stage2] Epoch 13 Step 350/1840 | loss=0.2675 infonce=0.1702 dist=0.2432 | lr=1.87e-05
2026-03-14 16:44:29 - INFO - __main__ - [stage2] Epoch 13 Step 400/1840 | loss=0.2683 infonce=0.1713 dist=0.2426 | lr=1.86e-05
2026-03-14 16:45:03 - INFO - __main__ - [stage2] Epoch 13 Step 450/1840 | loss=0.2673 infonce=0.1701 dist=0.2431 | lr=1.86e-05
2026-03-14 16:45:37 - INFO - __main__ - [stage2] Epoch 13 Step 500/1840 | loss=0.2658 infonce=0.1685 dist=0.2433 | lr=1.86e-05
2026-03-14 16:46:11 - INFO - __main__ - [stage2] Epoch 13 Step 550/1840 | loss=0.2675 infonce=0.1702 dist=0.2433 | lr=1.86e-05
2026-03-14 16:46:46 - INFO - __main__ - [stage2] Epoch 13 Step 600/1840 | loss=0.2656 infonce=0.1684 dist=0.2432 | lr=1.85e-05
2026-03-14 16:47:21 - INFO - __main__ - [stage2] Epoch 13 Step 650/1840 | loss=0.2660 infonce=0.1688 dist=0.2428 | lr=1.85e-05
2026-03-14 16:47:55 - INFO - __main__ - [stage2] Epoch 13 Step 700/1840 | loss=0.2665 infonce=0.1694 dist=0.2428 | lr=1.85e-05
2026-03-14 16:48:29 - INFO - __main__ - [stage2] Epoch 13 Step 750/1840 | loss=0.2672 infonce=0.1702 dist=0.2425 | lr=1.84e-05
2026-03-14 16:49:02 - INFO - __main__ - [stage2] Epoch 13 Step 800/1840 | loss=0.2681 infonce=0.1711 dist=0.2426 | lr=1.84e-05
2026-03-14 16:49:36 - INFO - __main__ - [stage2] Epoch 13 Step 850/1840 | loss=0.2684 infonce=0.1712 dist=0.2428 | lr=1.84e-05
2026-03-14 16:50:10 - INFO - __main__ - [stage2] Epoch 13 Step 900/1840 | loss=0.2683 infonce=0.1711 dist=0.2429 | lr=1.83e-05
2026-03-14 16:50:43 - INFO - __main__ - [stage2] Epoch 13 Step 950/1840 | loss=0.2686 infonce=0.1714 dist=0.2429 | lr=1.83e-05
2026-03-14 16:51:17 - INFO - __main__ - [stage2] Epoch 13 Step 1000/1840 | loss=0.2700 infonce=0.1729 dist=0.2429 | lr=1.83e-05
2026-03-14 16:51:51 - INFO - __main__ - [stage2] Epoch 13 Step 1050/1840 | loss=0.2704 infonce=0.1732 dist=0.2430 | lr=1.83e-05
2026-03-14 16:52:25 - INFO - __main__ - [stage2] Epoch 13 Step 1100/1840 | loss=0.2698 infonce=0.1727 dist=0.2428 | lr=1.82e-05
2026-03-14 16:52:59 - INFO - __main__ - [stage2] Epoch 13 Step 1150/1840 | loss=0.2697 infonce=0.1727 dist=0.2427 | lr=1.82e-05
2026-03-14 16:53:33 - INFO - __main__ - [stage2] Epoch 13 Step 1200/1840 | loss=0.2695 infonce=0.1725 dist=0.2426 | lr=1.82e-05
2026-03-14 16:54:07 - INFO - __main__ - [stage2] Epoch 13 Step 1250/1840 | loss=0.2703 infonce=0.1734 dist=0.2424 | lr=1.81e-05
2026-03-14 16:54:41 - INFO - __main__ - [stage2] Epoch 13 Step 1300/1840 | loss=0.2700 infonce=0.1731 dist=0.2424 | lr=1.81e-05
2026-03-14 16:55:16 - INFO - __main__ - [stage2] Epoch 13 Step 1350/1840 | loss=0.2701 infonce=0.1731 dist=0.2424 | lr=1.81e-05
2026-03-14 16:55:51 - INFO - __main__ - [stage2] Epoch 13 Step 1400/1840 | loss=0.2705 infonce=0.1736 dist=0.2423 | lr=1.80e-05
2026-03-14 16:56:25 - INFO - __main__ - [stage2] Epoch 13 Step 1450/1840 | loss=0.2705 infonce=0.1735 dist=0.2423 | lr=1.80e-05
2026-03-14 16:56:59 - INFO - __main__ - [stage2] Epoch 13 Step 1500/1840 | loss=0.2700 infonce=0.1731 dist=0.2423 | lr=1.80e-05
2026-03-14 16:57:32 - INFO - __main__ - [stage2] Epoch 13 Step 1550/1840 | loss=0.2701 infonce=0.1733 dist=0.2421 | lr=1.80e-05
2026-03-14 16:58:06 - INFO - __main__ - [stage2] Epoch 13 Step 1600/1840 | loss=0.2704 infonce=0.1734 dist=0.2424 | lr=1.79e-05
2026-03-14 16:58:42 - INFO - __main__ - [stage2] Epoch 13 Step 1650/1840 | loss=0.2701 infonce=0.1732 dist=0.2423 | lr=1.79e-05
2026-03-14 16:59:16 - INFO - __main__ - [stage2] Epoch 13 Step 1700/1840 | loss=0.2703 infonce=0.1734 dist=0.2422 | lr=1.79e-05
2026-03-14 16:59:50 - INFO - __main__ - [stage2] Epoch 13 Step 1750/1840 | loss=0.2707 infonce=0.1738 dist=0.2423 | lr=1.78e-05
2026-03-14 17:00:24 - INFO - __main__ - [stage2] Epoch 13 Step 1800/1840 | loss=0.2703 infonce=0.1734 dist=0.2421 | lr=1.78e-05
2026-03-14 17:00:56 - INFO - __main__ - [stage2] Epoch 13 finished | avg_loss=0.2700 accuracy=0.9447 | time=1265.2s | nan_batches=0
2026-03-14 17:03:26 - INFO - __main__ - [stage2] Epoch 13 validation: nll_loss=0.4972 accuracy=0.8712
2026-03-14 17:03:29 - INFO - __main__ - Saved checkpoint: checkpoint_epoch_13.pt (epoch=13, step=1840)
2026-03-14 17:03:33 - INFO - __main__ - Saved checkpoint: best_stage2.pt (epoch=13, step=1840)
2026-03-14 17:03:34 - INFO - __main__ - Saved best model to ./checkpoints/nq/best_model_stage2
2026-03-14 17:03:34 - INFO - __main__ - [stage2] New best nll_loss=0.4972 at epoch 13
2026-03-14 17:04:13 - INFO - __main__ - [stage2] Epoch 14 Step 50/1840 | loss=0.2367 infonce=0.1443 dist=0.2312 | lr=1.77e-05
2026-03-14 17:04:48 - INFO - __main__ - [stage2] Epoch 14 Step 100/1840 | loss=0.2423 infonce=0.1493 dist=0.2325 | lr=1.77e-05
2026-03-14 17:05:22 - INFO - __main__ - [stage2] Epoch 14 Step 150/1840 | loss=0.2359 infonce=0.1431 dist=0.2321 | lr=1.77e-05
2026-03-14 17:05:55 - INFO - __main__ - [stage2] Epoch 14 Step 200/1840 | loss=0.2348 infonce=0.1420 dist=0.2320 | lr=1.77e-05
2026-03-14 17:06:28 - INFO - __main__ - [stage2] Epoch 14 Step 250/1840 | loss=0.2317 infonce=0.1393 dist=0.2310 | lr=1.76e-05
2026-03-14 17:07:02 - INFO - __main__ - [stage2] Epoch 14 Step 300/1840 | loss=0.2342 infonce=0.1413 dist=0.2323 | lr=1.76e-05
2026-03-14 17:07:35 - INFO - __main__ - [stage2] Epoch 14 Step 350/1840 | loss=0.2352 infonce=0.1421 dist=0.2329 | lr=1.76e-05
2026-03-14 17:08:08 - INFO - __main__ - [stage2] Epoch 14 Step 400/1840 | loss=0.2362 infonce=0.1431 dist=0.2328 | lr=1.75e-05
2026-03-14 17:08:41 - INFO - __main__ - [stage2] Epoch 14 Step 450/1840 | loss=0.2364 infonce=0.1430 dist=0.2335 | lr=1.75e-05
2026-03-14 17:09:14 - INFO - __main__ - [stage2] Epoch 14 Step 500/1840 | loss=0.2350 infonce=0.1416 dist=0.2335 | lr=1.75e-05
2026-03-14 17:09:48 - INFO - __main__ - [stage2] Epoch 14 Step 550/1840 | loss=0.2350 infonce=0.1417 dist=0.2334 | lr=1.74e-05
2026-03-14 17:10:22 - INFO - __main__ - [stage2] Epoch 14 Step 600/1840 | loss=0.2354 infonce=0.1420 dist=0.2335 | lr=1.74e-05
2026-03-14 17:10:55 - INFO - __main__ - [stage2] Epoch 14 Step 650/1840 | loss=0.2368 infonce=0.1435 dist=0.2331 | lr=1.74e-05
2026-03-14 17:11:30 - INFO - __main__ - [stage2] Epoch 14 Step 700/1840 | loss=0.2381 infonce=0.1447 dist=0.2334 | lr=1.74e-05
2026-03-14 17:12:03 - INFO - __main__ - [stage2] Epoch 14 Step 750/1840 | loss=0.2373 infonce=0.1439 dist=0.2333 | lr=1.73e-05
2026-03-14 17:12:37 - INFO - __main__ - [stage2] Epoch 14 Step 800/1840 | loss=0.2366 infonce=0.1434 dist=0.2330 | lr=1.73e-05
2026-03-14 17:13:11 - INFO - __main__ - [stage2] Epoch 14 Step 850/1840 | loss=0.2360 infonce=0.1428 dist=0.2330 | lr=1.73e-05
2026-03-14 17:13:45 - INFO - __main__ - [stage2] Epoch 14 Step 900/1840 | loss=0.2359 infonce=0.1427 dist=0.2329 | lr=1.72e-05
2026-03-14 17:14:19 - INFO - __main__ - [stage2] Epoch 14 Step 950/1840 | loss=0.2356 infonce=0.1424 dist=0.2329 | lr=1.72e-05
2026-03-14 17:14:54 - INFO - __main__ - [stage2] Epoch 14 Step 1000/1840 | loss=0.2351 infonce=0.1419 dist=0.2329 | lr=1.72e-05
2026-03-14 17:15:28 - INFO - __main__ - [stage2] Epoch 14 Step 1050/1840 | loss=0.2351 infonce=0.1420 dist=0.2327 | lr=1.71e-05
2026-03-14 17:16:02 - INFO - __main__ - [stage2] Epoch 14 Step 1100/1840 | loss=0.2352 infonce=0.1420 dist=0.2328 | lr=1.71e-05
2026-03-14 17:16:36 - INFO - __main__ - [stage2] Epoch 14 Step 1150/1840 | loss=0.2348 infonce=0.1416 dist=0.2329 | lr=1.71e-05
2026-03-14 17:17:10 - INFO - __main__ - [stage2] Epoch 14 Step 1200/1840 | loss=0.2355 infonce=0.1423 dist=0.2328 | lr=1.71e-05
2026-03-14 17:17:45 - INFO - __main__ - [stage2] Epoch 14 Step 1250/1840 | loss=0.2361 infonce=0.1430 dist=0.2328 | lr=1.70e-05
2026-03-14 17:18:20 - INFO - __main__ - [stage2] Epoch 14 Step 1300/1840 | loss=0.2357 infonce=0.1427 dist=0.2326 | lr=1.70e-05
2026-03-14 17:18:54 - INFO - __main__ - [stage2] Epoch 14 Step 1350/1840 | loss=0.2361 infonce=0.1431 dist=0.2326 | lr=1.70e-05
2026-03-14 17:19:27 - INFO - __main__ - [stage2] Epoch 14 Step 1400/1840 | loss=0.2364 infonce=0.1433 dist=0.2329 | lr=1.69e-05
2026-03-14 17:20:01 - INFO - __main__ - [stage2] Epoch 14 Step 1450/1840 | loss=0.2366 infonce=0.1434 dist=0.2328 | lr=1.69e-05
2026-03-14 17:20:35 - INFO - __main__ - [stage2] Epoch 14 Step 1500/1840 | loss=0.2365 infonce=0.1434 dist=0.2329 | lr=1.69e-05
2026-03-14 17:21:08 - INFO - __main__ - [stage2] Epoch 14 Step 1550/1840 | loss=0.2364 infonce=0.1433 dist=0.2329 | lr=1.68e-05
2026-03-14 17:21:43 - INFO - __main__ - [stage2] Epoch 14 Step 1600/1840 | loss=0.2359 infonce=0.1428 dist=0.2328 | lr=1.68e-05
2026-03-14 17:22:17 - INFO - __main__ - [stage2] Epoch 14 Step 1650/1840 | loss=0.2362 infonce=0.1430 dist=0.2330 | lr=1.68e-05
2026-03-14 17:22:51 - INFO - __main__ - [stage2] Epoch 14 Step 1700/1840 | loss=0.2364 infonce=0.1431 dist=0.2331 | lr=1.68e-05
2026-03-14 17:23:25 - INFO - __main__ - [stage2] Epoch 14 Step 1750/1840 | loss=0.2359 infonce=0.1427 dist=0.2330 | lr=1.67e-05
2026-03-14 17:23:59 - INFO - __main__ - [stage2] Epoch 14 Step 1800/1840 | loss=0.2362 infonce=0.1430 dist=0.2330 | lr=1.67e-05
2026-03-14 17:24:30 - INFO - __main__ - [stage2] Epoch 14 finished | avg_loss=0.2362 accuracy=0.9564 | time=1255.6s | nan_batches=0
2026-03-14 17:27:00 - INFO - __main__ - [stage2] Epoch 14 validation: nll_loss=0.4971 accuracy=0.8717
2026-03-14 17:27:03 - INFO - __main__ - Saved checkpoint: checkpoint_epoch_14.pt (epoch=14, step=2300)
2026-03-14 17:27:07 - INFO - __main__ - Saved checkpoint: best_stage2.pt (epoch=14, step=2300)
2026-03-14 17:27:08 - INFO - __main__ - Saved best model to ./checkpoints/nq/best_model_stage2
2026-03-14 17:27:08 - INFO - __main__ - [stage2] New best nll_loss=0.4971 at epoch 14
2026-03-14 17:27:48 - INFO - __main__ - [stage2] Epoch 15 Step 50/1840 | loss=0.2041 infonce=0.1109 dist=0.2329 | lr=1.66e-05
2026-03-14 17:28:22 - INFO - __main__ - [stage2] Epoch 15 Step 100/1840 | loss=0.2090 infonce=0.1183 dist=0.2267 | lr=1.66e-05
2026-03-14 17:28:55 - INFO - __main__ - [stage2] Epoch 15 Step 150/1840 | loss=0.2115 infonce=0.1216 dist=0.2246 | lr=1.66e-05
2026-03-14 17:29:29 - INFO - __main__ - [stage2] Epoch 15 Step 200/1840 | loss=0.2088 infonce=0.1190 dist=0.2244 | lr=1.65e-05
2026-03-14 17:30:05 - INFO - __main__ - [stage2] Epoch 15 Step 250/1840 | loss=0.2110 infonce=0.1210 dist=0.2251 | lr=1.65e-05
2026-03-14 17:30:39 - INFO - __main__ - [stage2] Epoch 15 Step 300/1840 | loss=0.2118 infonce=0.1219 dist=0.2249 | lr=1.65e-05
2026-03-14 17:31:13 - INFO - __main__ - [stage2] Epoch 15 Step 350/1840 | loss=0.2117 infonce=0.1216 dist=0.2252 | lr=1.65e-05
2026-03-14 17:31:47 - INFO - __main__ - [stage2] Epoch 15 Step 400/1840 | loss=0.2115 infonce=0.1216 dist=0.2249 | lr=1.64e-05
2026-03-14 17:32:20 - INFO - __main__ - [stage2] Epoch 15 Step 450/1840 | loss=0.2126 infonce=0.1228 dist=0.2245 | lr=1.64e-05
2026-03-14 17:32:54 - INFO - __main__ - [stage2] Epoch 15 Step 500/1840 | loss=0.2115 infonce=0.1216 dist=0.2248 | lr=1.64e-05
2026-03-14 17:33:29 - INFO - __main__ - [stage2] Epoch 15 Step 550/1840 | loss=0.2110 infonce=0.1213 dist=0.2244 | lr=1.63e-05
2026-03-14 17:34:02 - INFO - __main__ - [stage2] Epoch 15 Step 600/1840 | loss=0.2103 infonce=0.1206 dist=0.2241 | lr=1.63e-05
2026-03-14 17:34:36 - INFO - __main__ - [stage2] Epoch 15 Step 650/1840 | loss=0.2102 infonce=0.1206 dist=0.2238 | lr=1.63e-05
2026-03-14 17:35:10 - INFO - __main__ - [stage2] Epoch 15 Step 700/1840 | loss=0.2099 infonce=0.1204 dist=0.2239 | lr=1.62e-05
2026-03-14 17:35:44 - INFO - __main__ - [stage2] Epoch 15 Step 750/1840 | loss=0.2103 infonce=0.1208 dist=0.2238 | lr=1.62e-05
2026-03-14 17:36:18 - INFO - __main__ - [stage2] Epoch 15 Step 800/1840 | loss=0.2095 infonce=0.1200 dist=0.2237 | lr=1.62e-05
2026-03-14 17:36:52 - INFO - __main__ - [stage2] Epoch 15 Step 850/1840 | loss=0.2093 infonce=0.1199 dist=0.2235 | lr=1.62e-05
2026-03-14 17:37:26 - INFO - __main__ - [stage2] Epoch 15 Step 900/1840 | loss=0.2088 infonce=0.1194 dist=0.2236 | lr=1.61e-05
2026-03-14 17:38:00 - INFO - __main__ - [stage2] Epoch 15 Step 950/1840 | loss=0.2084 infonce=0.1190 dist=0.2236 | lr=1.61e-05
2026-03-14 17:38:35 - INFO - __main__ - [stage2] Epoch 15 Step 1000/1840 | loss=0.2083 infonce=0.1188 dist=0.2236 | lr=1.61e-05
2026-03-14 17:39:08 - INFO - __main__ - [stage2] Epoch 15 Step 1050/1840 | loss=0.2082 infonce=0.1187 dist=0.2236 | lr=1.60e-05
2026-03-14 17:39:44 - INFO - __main__ - [stage2] Epoch 15 Step 1100/1840 | loss=0.2081 infonce=0.1186 dist=0.2237 | lr=1.60e-05
2026-03-14 17:40:18 - INFO - __main__ - [stage2] Epoch 15 Step 1150/1840 | loss=0.2082 infonce=0.1187 dist=0.2238 | lr=1.60e-05
2026-03-14 17:40:52 - INFO - __main__ - [stage2] Epoch 15 Step 1200/1840 | loss=0.2079 infonce=0.1185 dist=0.2237 | lr=1.59e-05
2026-03-14 17:41:25 - INFO - __main__ - [stage2] Epoch 15 Step 1250/1840 | loss=0.2077 infonce=0.1183 dist=0.2235 | lr=1.59e-05
2026-03-14 17:42:00 - INFO - __main__ - [stage2] Epoch 15 Step 1300/1840 | loss=0.2079 infonce=0.1186 dist=0.2235 | lr=1.59e-05
2026-03-14 17:42:34 - INFO - __main__ - [stage2] Epoch 15 Step 1350/1840 | loss=0.2079 infonce=0.1186 dist=0.2234 | lr=1.59e-05
2026-03-14 17:43:08 - INFO - __main__ - [stage2] Epoch 15 Step 1400/1840 | loss=0.2078 infonce=0.1185 dist=0.2234 | lr=1.58e-05
2026-03-14 17:43:42 - INFO - __main__ - [stage2] Epoch 15 Step 1450/1840 | loss=0.2072 infonce=0.1178 dist=0.2235 | lr=1.58e-05
2026-03-14 17:44:15 - INFO - __main__ - [stage2] Epoch 15 Step 1500/1840 | loss=0.2072 infonce=0.1178 dist=0.2235 | lr=1.58e-05
2026-03-14 17:44:48 - INFO - __main__ - [stage2] Epoch 15 Step 1550/1840 | loss=0.2079 infonce=0.1185 dist=0.2235 | lr=1.57e-05
2026-03-14 17:45:22 - INFO - __main__ - [stage2] Epoch 15 Step 1600/1840 | loss=0.2077 infonce=0.1183 dist=0.2235 | lr=1.57e-05
2026-03-14 17:45:56 - INFO - __main__ - [stage2] Epoch 15 Step 1650/1840 | loss=0.2076 infonce=0.1182 dist=0.2234 | lr=1.57e-05
2026-03-14 17:46:30 - INFO - __main__ - [stage2] Epoch 15 Step 1700/1840 | loss=0.2081 infonce=0.1188 dist=0.2233 | lr=1.56e-05
2026-03-14 17:47:04 - INFO - __main__ - [stage2] Epoch 15 Step 1750/1840 | loss=0.2080 infonce=0.1187 dist=0.2232 | lr=1.56e-05
2026-03-14 17:47:38 - INFO - __main__ - [stage2] Epoch 15 Step 1800/1840 | loss=0.2081 infonce=0.1188 dist=0.2232 | lr=1.56e-05
2026-03-14 17:48:07 - INFO - __main__ - [stage2] Epoch 15 finished | avg_loss=0.2081 accuracy=0.9637 | time=1258.6s | nan_batches=0
2026-03-14 17:50:37 - INFO - __main__ - [stage2] Epoch 15 validation: nll_loss=0.5087 accuracy=0.8668
2026-03-14 17:50:40 - INFO - __main__ - Saved checkpoint: checkpoint_epoch_15.pt (epoch=15, step=2760)
2026-03-14 17:50:40 - INFO - __main__ - [stage2] No improvement. patience=1 (early stopping disabled)
2026-03-14 17:51:19 - INFO - __main__ - [stage2] Epoch 16 Step 50/1840 | loss=0.1873 infonce=0.0995 dist=0.2195 | lr=1.55e-05
2026-03-14 17:51:53 - INFO - __main__ - [stage2] Epoch 16 Step 100/1840 | loss=0.1915 infonce=0.1055 dist=0.2150 | lr=1.55e-05
2026-03-14 17:52:27 - INFO - __main__ - [stage2] Epoch 16 Step 150/1840 | loss=0.1902 infonce=0.1044 dist=0.2146 | lr=1.55e-05
2026-03-14 17:53:01 - INFO - __main__ - [stage2] Epoch 16 Step 200/1840 | loss=0.1852 infonce=0.0992 dist=0.2148 | lr=1.54e-05
2026-03-14 17:53:35 - INFO - __main__ - [stage2] Epoch 16 Step 250/1840 | loss=0.1840 infonce=0.0984 dist=0.2142 | lr=1.54e-05
2026-03-14 17:54:09 - INFO - __main__ - [stage2] Epoch 16 Step 300/1840 | loss=0.1859 infonce=0.1002 dist=0.2141 | lr=1.54e-05
2026-03-14 17:54:43 - INFO - __main__ - [stage2] Epoch 16 Step 350/1840 | loss=0.1860 infonce=0.1004 dist=0.2139 | lr=1.53e-05
2026-03-14 17:55:16 - INFO - __main__ - [stage2] Epoch 16 Step 400/1840 | loss=0.1854 infonce=0.0996 dist=0.2144 | lr=1.53e-05
2026-03-14 17:55:50 - INFO - __main__ - [stage2] Epoch 16 Step 450/1840 | loss=0.1881 infonce=0.1024 dist=0.2143 | lr=1.53e-05
2026-03-14 17:56:24 - INFO - __main__ - [stage2] Epoch 16 Step 500/1840 | loss=0.1873 infonce=0.1015 dist=0.2143 | lr=1.53e-05
2026-03-14 17:56:58 - INFO - __main__ - [stage2] Epoch 16 Step 550/1840 | loss=0.1867 infonce=0.1011 dist=0.2140 | lr=1.52e-05
2026-03-14 17:57:33 - INFO - __main__ - [stage2] Epoch 16 Step 600/1840 | loss=0.1876 infonce=0.1019 dist=0.2144 | lr=1.52e-05
2026-03-14 17:58:07 - INFO - __main__ - [stage2] Epoch 16 Step 650/1840 | loss=0.1867 infonce=0.1010 dist=0.2142 | lr=1.52e-05
2026-03-14 17:58:41 - INFO - __main__ - [stage2] Epoch 16 Step 700/1840 | loss=0.1859 infonce=0.1001 dist=0.2144 | lr=1.51e-05
2026-03-14 17:59:15 - INFO - __main__ - [stage2] Epoch 16 Step 750/1840 | loss=0.1860 infonce=0.1002 dist=0.2145 | lr=1.51e-05
2026-03-14 17:59:49 - INFO - __main__ - [stage2] Epoch 16 Step 800/1840 | loss=0.1868 infonce=0.1010 dist=0.2146 | lr=1.51e-05
2026-03-14 18:00:25 - INFO - __main__ - [stage2] Epoch 16 Step 850/1840 | loss=0.1871 infonce=0.1013 dist=0.2146 | lr=1.50e-05
2026-03-14 18:01:00 - INFO - __main__ - [stage2] Epoch 16 Step 900/1840 | loss=0.1875 infonce=0.1016 dist=0.2147 | lr=1.50e-05
2026-03-14 18:01:34 - INFO - __main__ - [stage2] Epoch 16 Step 950/1840 | loss=0.1875 infonce=0.1016 dist=0.2148 | lr=1.50e-05
2026-03-14 18:02:08 - INFO - __main__ - [stage2] Epoch 16 Step 1000/1840 | loss=0.1875 infonce=0.1015 dist=0.2148 | lr=1.50e-05
2026-03-14 18:02:42 - INFO - __main__ - [stage2] Epoch 16 Step 1050/1840 | loss=0.1875 infonce=0.1017 dist=0.2147 | lr=1.49e-05
2026-03-14 18:03:15 - INFO - __main__ - [stage2] Epoch 16 Step 1100/1840 | loss=0.1873 infonce=0.1014 dist=0.2147 | lr=1.49e-05
2026-03-14 18:03:49 - INFO - __main__ - [stage2] Epoch 16 Step 1150/1840 | loss=0.1878 infonce=0.1020 dist=0.2145 | lr=1.49e-05
2026-03-14 18:04:23 - INFO - __main__ - [stage2] Epoch 16 Step 1200/1840 | loss=0.1881 infonce=0.1023 dist=0.2146 | lr=1.48e-05
2026-03-14 18:04:57 - INFO - __main__ - [stage2] Epoch 16 Step 1250/1840 | loss=0.1877 infonce=0.1019 dist=0.2145 | lr=1.48e-05
2026-03-14 18:05:31 - INFO - __main__ - [stage2] Epoch 16 Step 1300/1840 | loss=0.1873 infonce=0.1015 dist=0.2143 | lr=1.48e-05
2026-03-14 18:06:05 - INFO - __main__ - [stage2] Epoch 16 Step 1350/1840 | loss=0.1875 infonce=0.1018 dist=0.2142 | lr=1.47e-05
2026-03-14 18:06:39 - INFO - __main__ - [stage2] Epoch 16 Step 1400/1840 | loss=0.1876 infonce=0.1020 dist=0.2142 | lr=1.47e-05
2026-03-14 18:07:13 - INFO - __main__ - [stage2] Epoch 16 Step 1450/1840 | loss=0.1876 infonce=0.1019 dist=0.2142 | lr=1.47e-05
2026-03-14 18:07:47 - INFO - __main__ - [stage2] Epoch 16 Step 1500/1840 | loss=0.1878 infonce=0.1021 dist=0.2142 | lr=1.46e-05
2026-03-14 18:08:21 - INFO - __main__ - [stage2] Epoch 16 Step 1550/1840 | loss=0.1874 infonce=0.1018 dist=0.2142 | lr=1.46e-05
2026-03-14 18:08:54 - INFO - __main__ - [stage2] Epoch 16 Step 1600/1840 | loss=0.1878 infonce=0.1022 dist=0.2141 | lr=1.46e-05
2026-03-14 18:09:28 - INFO - __main__ - [stage2] Epoch 16 Step 1650/1840 | loss=0.1880 infonce=0.1023 dist=0.2140 | lr=1.46e-05
2026-03-14 18:10:02 - INFO - __main__ - [stage2] Epoch 16 Step 1700/1840 | loss=0.1887 infonce=0.1031 dist=0.2139 | lr=1.45e-05
2026-03-14 18:10:36 - INFO - __main__ - [stage2] Epoch 16 Step 1750/1840 | loss=0.1891 infonce=0.1035 dist=0.2139 | lr=1.45e-05
2026-03-14 18:11:11 - INFO - __main__ - [stage2] Epoch 16 Step 1800/1840 | loss=0.1890 infonce=0.1034 dist=0.2138 | lr=1.45e-05
2026-03-14 18:11:42 - INFO - __main__ - [stage2] Epoch 16 finished | avg_loss=0.1887 accuracy=0.9689 | time=1261.5s | nan_batches=0
2026-03-14 18:14:13 - INFO - __main__ - [stage2] Epoch 16 validation: nll_loss=0.4991 accuracy=0.8738
2026-03-14 18:14:15 - INFO - __main__ - Saved checkpoint: checkpoint_epoch_16.pt (epoch=16, step=3220)
2026-03-14 18:14:15 - INFO - __main__ - [stage2] No improvement. patience=2 (early stopping disabled)
2026-03-14 18:14:57 - INFO - __main__ - [stage2] Epoch 17 Step 50/1840 | loss=0.1658 infonce=0.0821 dist=0.2094 | lr=1.44e-05
2026-03-14 18:15:32 - INFO - __main__ - [stage2] Epoch 17 Step 100/1840 | loss=0.1695 infonce=0.0860 dist=0.2087 | lr=1.44e-05
2026-03-14 18:16:05 - INFO - __main__ - [stage2] Epoch 17 Step 150/1840 | loss=0.1692 infonce=0.0865 dist=0.2067 | lr=1.44e-05
2026-03-14 18:16:40 - INFO - __main__ - [stage2] Epoch 17 Step 200/1840 | loss=0.1724 infonce=0.0898 dist=0.2066 | lr=1.43e-05
2026-03-14 18:17:13 - INFO - __main__ - [stage2] Epoch 17 Step 250/1840 | loss=0.1766 infonce=0.0942 dist=0.2060 | lr=1.43e-05
2026-03-14 18:17:47 - INFO - __main__ - [stage2] Epoch 17 Step 300/1840 | loss=0.1763 infonce=0.0937 dist=0.2067 | lr=1.43e-05
2026-03-14 18:18:22 - INFO - __main__ - [stage2] Epoch 17 Step 350/1840 | loss=0.1740 infonce=0.0913 dist=0.2067 | lr=1.42e-05
2026-03-14 18:18:56 - INFO - __main__ - [stage2] Epoch 17 Step 400/1840 | loss=0.1756 infonce=0.0928 dist=0.2071 | lr=1.42e-05
2026-03-14 18:19:30 - INFO - __main__ - [stage2] Epoch 17 Step 450/1840 | loss=0.1754 infonce=0.0927 dist=0.2066 | lr=1.42e-05
2026-03-14 18:20:04 - INFO - __main__ - [stage2] Epoch 17 Step 500/1840 | loss=0.1752 infonce=0.0924 dist=0.2068 | lr=1.41e-05
2026-03-14 18:20:37 - INFO - __main__ - [stage2] Epoch 17 Step 550/1840 | loss=0.1755 infonce=0.0927 dist=0.2069 | lr=1.41e-05
2026-03-14 18:21:11 - INFO - __main__ - [stage2] Epoch 17 Step 600/1840 | loss=0.1750 infonce=0.0923 dist=0.2069 | lr=1.41e-05
2026-03-14 18:21:46 - INFO - __main__ - [stage2] Epoch 17 Step 650/1840 | loss=0.1751 infonce=0.0924 dist=0.2066 | lr=1.41e-05
2026-03-14 18:22:20 - INFO - __main__ - [stage2] Epoch 17 Step 700/1840 | loss=0.1758 infonce=0.0932 dist=0.2066 | lr=1.40e-05
2026-03-14 18:22:54 - INFO - __main__ - [stage2] Epoch 17 Step 750/1840 | loss=0.1757 infonce=0.0931 dist=0.2065 | lr=1.40e-05
2026-03-14 18:23:28 - INFO - __main__ - [stage2] Epoch 17 Step 800/1840 | loss=0.1757 infonce=0.0931 dist=0.2065 | lr=1.40e-05
2026-03-14 18:24:01 - INFO - __main__ - [stage2] Epoch 17 Step 850/1840 | loss=0.1752 infonce=0.0926 dist=0.2066 | lr=1.39e-05
2026-03-14 18:24:35 - INFO - __main__ - [stage2] Epoch 17 Step 900/1840 | loss=0.1749 infonce=0.0922 dist=0.2067 | lr=1.39e-05
2026-03-14 18:25:08 - INFO - __main__ - [stage2] Epoch 17 Step 950/1840 | loss=0.1750 infonce=0.0923 dist=0.2066 | lr=1.39e-05
2026-03-14 18:25:42 - INFO - __main__ - [stage2] Epoch 17 Step 1000/1840 | loss=0.1749 infonce=0.0923 dist=0.2065 | lr=1.38e-05
2026-03-14 18:26:16 - INFO - __main__ - [stage2] Epoch 17 Step 1050/1840 | loss=0.1750 infonce=0.0924 dist=0.2063 | lr=1.38e-05
2026-03-14 18:26:50 - INFO - __main__ - [stage2] Epoch 17 Step 1100/1840 | loss=0.1753 infonce=0.0928 dist=0.2064 | lr=1.38e-05
2026-03-14 18:27:24 - INFO - __main__ - [stage2] Epoch 17 Step 1150/1840 | loss=0.1752 infonce=0.0927 dist=0.2063 | lr=1.38e-05
2026-03-14 18:27:58 - INFO - __main__ - [stage2] Epoch 17 Step 1200/1840 | loss=0.1752 infonce=0.0928 dist=0.2059 | lr=1.37e-05
2026-03-14 18:28:32 - INFO - __main__ - [stage2] Epoch 17 Step 1250/1840 | loss=0.1751 infonce=0.0928 dist=0.2058 | lr=1.37e-05
2026-03-14 18:29:05 - INFO - __main__ - [stage2] Epoch 17 Step 1300/1840 | loss=0.1750 infonce=0.0927 dist=0.2058 | lr=1.37e-05
2026-03-14 18:29:39 - INFO - __main__ - [stage2] Epoch 17 Step 1350/1840 | loss=0.1754 infonce=0.0931 dist=0.2058 | lr=1.36e-05
2026-03-14 18:30:12 - INFO - __main__ - [stage2] Epoch 17 Step 1400/1840 | loss=0.1748 infonce=0.0925 dist=0.2059 | lr=1.36e-05
2026-03-14 18:30:49 - INFO - __main__ - [stage2] Epoch 17 Step 1450/1840 | loss=0.1748 infonce=0.0924 dist=0.2059 | lr=1.36e-05
2026-03-14 18:31:23 - INFO - __main__ - [stage2] Epoch 17 Step 1500/1840 | loss=0.1746 infonce=0.0922 dist=0.2058 | lr=1.35e-05
2026-03-14 18:31:57 - INFO - __main__ - [stage2] Epoch 17 Step 1550/1840 | loss=0.1745 infonce=0.0922 dist=0.2059 | lr=1.35e-05
2026-03-14 18:32:31 - INFO - __main__ - [stage2] Epoch 17 Step 1600/1840 | loss=0.1746 infonce=0.0922 dist=0.2061 | lr=1.35e-05
2026-03-14 18:33:05 - INFO - __main__ - [stage2] Epoch 17 Step 1650/1840 | loss=0.1751 infonce=0.0926 dist=0.2061 | lr=1.34e-05
2026-03-14 18:33:40 - INFO - __main__ - [stage2] Epoch 17 Step 1700/1840 | loss=0.1753 infonce=0.0929 dist=0.2060 | lr=1.34e-05
2026-03-14 18:34:14 - INFO - __main__ - [stage2] Epoch 17 Step 1750/1840 | loss=0.1753 infonce=0.0929 dist=0.2060 | lr=1.34e-05
2026-03-14 18:34:49 - INFO - __main__ - [stage2] Epoch 17 Step 1800/1840 | loss=0.1749 infonce=0.0924 dist=0.2061 | lr=1.34e-05
2026-03-14 18:35:19 - INFO - __main__ - [stage2] Epoch 17 finished | avg_loss=0.1748 accuracy=0.9724 | time=1263.5s | nan_batches=0
2026-03-14 18:37:50 - INFO - __main__ - [stage2] Epoch 17 validation: nll_loss=0.5010 accuracy=0.8701
2026-03-14 18:37:53 - INFO - __main__ - Saved checkpoint: checkpoint_epoch_17.pt (epoch=17, step=3680)
2026-03-14 18:37:53 - INFO - __main__ - [stage2] No improvement. patience=3 (early stopping disabled)
2026-03-14 18:38:31 - INFO - __main__ - [stage2] Epoch 18 Step 50/1840 | loss=0.1564 infonce=0.0769 dist=0.1987 | lr=1.33e-05
2026-03-14 18:39:06 - INFO - __main__ - [stage2] Epoch 18 Step 100/1840 | loss=0.1579 infonce=0.0782 dist=0.1993 | lr=1.33e-05
2026-03-14 18:39:40 - INFO - __main__ - [stage2] Epoch 18 Step 150/1840 | loss=0.1640 infonce=0.0845 dist=0.1989 | lr=1.32e-05
2026-03-14 18:40:14 - INFO - __main__ - [stage2] Epoch 18 Step 200/1840 | loss=0.1635 infonce=0.0841 dist=0.1984 | lr=1.32e-05
2026-03-14 18:40:48 - INFO - __main__ - [stage2] Epoch 18 Step 250/1840 | loss=0.1632 infonce=0.0841 dist=0.1976 | lr=1.32e-05
2026-03-14 18:41:22 - INFO - __main__ - [stage2] Epoch 18 Step 300/1840 | loss=0.1613 infonce=0.0822 dist=0.1977 | lr=1.32e-05
2026-03-14 18:41:55 - INFO - __main__ - [stage2] Epoch 18 Step 350/1840 | loss=0.1605 infonce=0.0812 dist=0.1982 | lr=1.31e-05
2026-03-14 18:42:29 - INFO - __main__ - [stage2] Epoch 18 Step 400/1840 | loss=0.1605 infonce=0.0811 dist=0.1986 | lr=1.31e-05
2026-03-14 18:43:03 - INFO - __main__ - [stage2] Epoch 18 Step 450/1840 | loss=0.1608 infonce=0.0815 dist=0.1983 | lr=1.31e-05
2026-03-14 18:43:38 - INFO - __main__ - [stage2] Epoch 18 Step 500/1840 | loss=0.1598 infonce=0.0805 dist=0.1982 | lr=1.30e-05
2026-03-14 18:44:12 - INFO - __main__ - [stage2] Epoch 18 Step 550/1840 | loss=0.1588 infonce=0.0795 dist=0.1985 | lr=1.30e-05
2026-03-14 18:44:46 - INFO - __main__ - [stage2] Epoch 18 Step 600/1840 | loss=0.1586 infonce=0.0793 dist=0.1982 | lr=1.30e-05
2026-03-14 18:45:20 - INFO - __main__ - [stage2] Epoch 18 Step 650/1840 | loss=0.1584 infonce=0.0791 dist=0.1983 | lr=1.29e-05
2026-03-14 18:45:54 - INFO - __main__ - [stage2] Epoch 18 Step 700/1840 | loss=0.1586 infonce=0.0793 dist=0.1983 | lr=1.29e-05
2026-03-14 18:46:28 - INFO - __main__ - [stage2] Epoch 18 Step 750/1840 | loss=0.1594 infonce=0.0801 dist=0.1982 | lr=1.29e-05
2026-03-14 18:47:01 - INFO - __main__ - [stage2] Epoch 18 Step 800/1840 | loss=0.1604 infonce=0.0812 dist=0.1980 | lr=1.29e-05
2026-03-14 18:47:35 - INFO - __main__ - [stage2] Epoch 18 Step 850/1840 | loss=0.1607 infonce=0.0815 dist=0.1979 | lr=1.28e-05
2026-03-14 18:48:10 - INFO - __main__ - [stage2] Epoch 18 Step 900/1840 | loss=0.1607 infonce=0.0815 dist=0.1979 | lr=1.28e-05
2026-03-14 18:48:44 - INFO - __main__ - [stage2] Epoch 18 Step 950/1840 | loss=0.1610 infonce=0.0818 dist=0.1979 | lr=1.28e-05
2026-03-14 18:49:17 - INFO - __main__ - [stage2] Epoch 18 Step 1000/1840 | loss=0.1610 infonce=0.0818 dist=0.1979 | lr=1.27e-05
2026-03-14 18:49:51 - INFO - __main__ - [stage2] Epoch 18 Step 1050/1840 | loss=0.1611 infonce=0.0819 dist=0.1981 | lr=1.27e-05
2026-03-14 18:50:25 - INFO - __main__ - [stage2] Epoch 18 Step 1100/1840 | loss=0.1613 infonce=0.0822 dist=0.1980 | lr=1.27e-05
2026-03-14 18:51:00 - INFO - __main__ - [stage2] Epoch 18 Step 1150/1840 | loss=0.1620 infonce=0.0829 dist=0.1977 | lr=1.26e-05
2026-03-14 18:51:34 - INFO - __main__ - [stage2] Epoch 18 Step 1200/1840 | loss=0.1618 infonce=0.0828 dist=0.1976 | lr=1.26e-05
2026-03-14 18:52:08 - INFO - __main__ - [stage2] Epoch 18 Step 1250/1840 | loss=0.1618 infonce=0.0828 dist=0.1975 | lr=1.26e-05
2026-03-14 18:52:42 - INFO - __main__ - [stage2] Epoch 18 Step 1300/1840 | loss=0.1619 infonce=0.0829 dist=0.1974 | lr=1.25e-05
2026-03-14 18:53:17 - INFO - __main__ - [stage2] Epoch 18 Step 1350/1840 | loss=0.1625 infonce=0.0835 dist=0.1974 | lr=1.25e-05
2026-03-14 18:53:51 - INFO - __main__ - [stage2] Epoch 18 Step 1400/1840 | loss=0.1621 infonce=0.0831 dist=0.1975 | lr=1.25e-05
2026-03-14 18:54:25 - INFO - __main__ - [stage2] Epoch 18 Step 1450/1840 | loss=0.1621 infonce=0.0831 dist=0.1975 | lr=1.25e-05
2026-03-14 18:54:59 - INFO - __main__ - [stage2] Epoch 18 Step 1500/1840 | loss=0.1619 infonce=0.0828 dist=0.1976 | lr=1.24e-05
2026-03-14 18:55:33 - INFO - __main__ - [stage2] Epoch 18 Step 1550/1840 | loss=0.1619 infonce=0.0829 dist=0.1975 | lr=1.24e-05
2026-03-14 18:56:07 - INFO - __main__ - [stage2] Epoch 18 Step 1600/1840 | loss=0.1621 infonce=0.0831 dist=0.1976 | lr=1.24e-05
2026-03-14 18:56:41 - INFO - __main__ - [stage2] Epoch 18 Step 1650/1840 | loss=0.1622 infonce=0.0832 dist=0.1976 | lr=1.23e-05
2026-03-14 18:57:15 - INFO - __main__ - [stage2] Epoch 18 Step 1700/1840 | loss=0.1625 infonce=0.0835 dist=0.1977 | lr=1.23e-05
2026-03-14 18:57:48 - INFO - __main__ - [stage2] Epoch 18 Step 1750/1840 | loss=0.1623 infonce=0.0833 dist=0.1976 | lr=1.23e-05
2026-03-14 18:58:22 - INFO - __main__ - [stage2] Epoch 18 Step 1800/1840 | loss=0.1625 infonce=0.0835 dist=0.1975 | lr=1.22e-05
2026-03-14 18:58:53 - INFO - __main__ - [stage2] Epoch 18 finished | avg_loss=0.1625 accuracy=0.9745 | time=1259.8s | nan_batches=0
2026-03-14 19:01:21 - INFO - __main__ - [stage2] Epoch 18 validation: nll_loss=0.5071 accuracy=0.8660
2026-03-14 19:01:24 - INFO - __main__ - Saved checkpoint: checkpoint_epoch_18.pt (epoch=18, step=4140)
2026-03-14 19:01:24 - INFO - __main__ - [stage2] No improvement. patience=4 (early stopping disabled)
2026-03-14 19:02:02 - INFO - __main__ - [stage2] Epoch 19 Step 50/1840 | loss=0.1503 infonce=0.0729 dist=0.1935 | lr=1.22e-05
2026-03-14 19:02:36 - INFO - __main__ - [stage2] Epoch 19 Step 100/1840 | loss=0.1483 infonce=0.0711 dist=0.1929 | lr=1.22e-05
2026-03-14 19:03:09 - INFO - __main__ - [stage2] Epoch 19 Step 150/1840 | loss=0.1486 infonce=0.0716 dist=0.1924 | lr=1.21e-05
2026-03-14 19:03:44 - INFO - __main__ - [stage2] Epoch 19 Step 200/1840 | loss=0.1486 infonce=0.0717 dist=0.1923 | lr=1.21e-05
2026-03-14 19:04:19 - INFO - __main__ - [stage2] Epoch 19 Step 250/1840 | loss=0.1491 infonce=0.0722 dist=0.1922 | lr=1.21e-05
2026-03-14 19:04:54 - INFO - __main__ - [stage2] Epoch 19 Step 300/1840 | loss=0.1489 infonce=0.0722 dist=0.1920 | lr=1.20e-05
2026-03-14 19:05:27 - INFO - __main__ - [stage2] Epoch 19 Step 350/1840 | loss=0.1508 infonce=0.0740 dist=0.1921 | lr=1.20e-05
2026-03-14 19:06:01 - INFO - __main__ - [stage2] Epoch 19 Step 400/1840 | loss=0.1517 infonce=0.0749 dist=0.1921 | lr=1.20e-05
2026-03-14 19:06:34 - INFO - __main__ - [stage2] Epoch 19 Step 450/1840 | loss=0.1523 infonce=0.0756 dist=0.1919 | lr=1.20e-05
2026-03-14 19:07:09 - INFO - __main__ - [stage2] Epoch 19 Step 500/1840 | loss=0.1514 infonce=0.0748 dist=0.1917 | lr=1.19e-05
2026-03-14 19:07:43 - INFO - __main__ - [stage2] Epoch 19 Step 550/1840 | loss=0.1515 infonce=0.0749 dist=0.1913 | lr=1.19e-05
2026-03-14 19:08:18 - INFO - __main__ - [stage2] Epoch 19 Step 600/1840 | loss=0.1527 infonce=0.0761 dist=0.1914 | lr=1.19e-05
2026-03-14 19:08:55 - INFO - __main__ - [stage2] Epoch 19 Step 650/1840 | loss=0.1533 infonce=0.0766 dist=0.1917 | lr=1.18e-05
2026-03-14 19:09:28 - INFO - __main__ - [stage2] Epoch 19 Step 700/1840 | loss=0.1531 infonce=0.0765 dist=0.1916 | lr=1.18e-05
2026-03-14 19:10:02 - INFO - __main__ - [stage2] Epoch 19 Step 750/1840 | loss=0.1542 infonce=0.0776 dist=0.1915 | lr=1.18e-05
2026-03-14 19:10:36 - INFO - __main__ - [stage2] Epoch 19 Step 800/1840 | loss=0.1542 infonce=0.0776 dist=0.1915 | lr=1.17e-05
2026-03-14 19:11:10 - INFO - __main__ - [stage2] Epoch 19 Step 850/1840 | loss=0.1543 infonce=0.0776 dist=0.1916 | lr=1.17e-05
2026-03-14 19:11:44 - INFO - __main__ - [stage2] Epoch 19 Step 900/1840 | loss=0.1542 infonce=0.0776 dist=0.1914 | lr=1.17e-05
2026-03-14 19:12:18 - INFO - __main__ - [stage2] Epoch 19 Step 950/1840 | loss=0.1532 infonce=0.0767 dist=0.1914 | lr=1.16e-05
2026-03-14 19:12:53 - INFO - __main__ - [stage2] Epoch 19 Step 1000/1840 | loss=0.1529 infonce=0.0763 dist=0.1914 | lr=1.16e-05
2026-03-14 19:13:28 - INFO - __main__ - [stage2] Epoch 19 Step 1050/1840 | loss=0.1530 infonce=0.0765 dist=0.1914 | lr=1.16e-05
2026-03-14 19:14:02 - INFO - __main__ - [stage2] Epoch 19 Step 1100/1840 | loss=0.1533 infonce=0.0768 dist=0.1912 | lr=1.16e-05
2026-03-14 19:14:35 - INFO - __main__ - [stage2] Epoch 19 Step 1150/1840 | loss=0.1531 infonce=0.0767 dist=0.1912 | lr=1.15e-05
2026-03-14 19:15:08 - INFO - __main__ - [stage2] Epoch 19 Step 1200/1840 | loss=0.1528 infonce=0.0764 dist=0.1911 | lr=1.15e-05
2026-03-14 19:15:43 - INFO - __main__ - [stage2] Epoch 19 Step 1250/1840 | loss=0.1531 infonce=0.0768 dist=0.1910 | lr=1.15e-05
2026-03-14 19:16:17 - INFO - __main__ - [stage2] Epoch 19 Step 1300/1840 | loss=0.1529 infonce=0.0765 dist=0.1910 | lr=1.14e-05
2026-03-14 19:16:51 - INFO - __main__ - [stage2] Epoch 19 Step 1350/1840 | loss=0.1533 infonce=0.0769 dist=0.1909 | lr=1.14e-05
2026-03-14 19:17:25 - INFO - __main__ - [stage2] Epoch 19 Step 1400/1840 | loss=0.1532 infonce=0.0768 dist=0.1908 | lr=1.14e-05
2026-03-14 19:17:58 - INFO - __main__ - [stage2] Epoch 19 Step 1450/1840 | loss=0.1538 infonce=0.0775 dist=0.1907 | lr=1.13e-05
2026-03-14 19:18:32 - INFO - __main__ - [stage2] Epoch 19 Step 1500/1840 | loss=0.1543 infonce=0.0780 dist=0.1906 | lr=1.13e-05
2026-03-14 19:19:05 - INFO - __main__ - [stage2] Epoch 19 Step 1550/1840 | loss=0.1545 infonce=0.0782 dist=0.1906 | lr=1.13e-05
2026-03-14 19:19:39 - INFO - __main__ - [stage2] Epoch 19 Step 1600/1840 | loss=0.1544 infonce=0.0782 dist=0.1905 | lr=1.13e-05
2026-03-14 19:20:13 - INFO - __main__ - [stage2] Epoch 19 Step 1650/1840 | loss=0.1542 infonce=0.0780 dist=0.1906 | lr=1.12e-05
2026-03-14 19:20:47 - INFO - __main__ - [stage2] Epoch 19 Step 1700/1840 | loss=0.1540 infonce=0.0778 dist=0.1906 | lr=1.12e-05
2026-03-14 19:21:21 - INFO - __main__ - [stage2] Epoch 19 Step 1750/1840 | loss=0.1543 infonce=0.0780 dist=0.1906 | lr=1.12e-05
2026-03-14 19:21:56 - INFO - __main__ - [stage2] Epoch 19 Step 1800/1840 | loss=0.1541 infonce=0.0779 dist=0.1905 | lr=1.11e-05
2026-03-14 19:22:27 - INFO - __main__ - [stage2] Epoch 19 finished | avg_loss=0.1539 accuracy=0.9769 | time=1262.7s | nan_batches=0
2026-03-14 19:25:00 - INFO - __main__ - [stage2] Epoch 19 validation: nll_loss=0.5170 accuracy=0.8678
2026-03-14 19:25:03 - INFO - __main__ - Saved checkpoint: checkpoint_epoch_19.pt (epoch=19, step=4600)
2026-03-14 19:25:03 - INFO - __main__ - [stage2] No improvement. patience=5 (early stopping disabled)
2026-03-14 19:25:42 - INFO - __main__ - [stage2] Epoch 20 Step 50/1840 | loss=0.1471 infonce=0.0728 dist=0.1858 | lr=1.11e-05
2026-03-14 19:26:16 - INFO - __main__ - [stage2] Epoch 20 Step 100/1840 | loss=0.1427 infonce=0.0680 dist=0.1868 | lr=1.11e-05
2026-03-14 19:26:49 - INFO - __main__ - [stage2] Epoch 20 Step 150/1840 | loss=0.1402 infonce=0.0661 dist=0.1853 | lr=1.10e-05
2026-03-14 19:27:23 - INFO - __main__ - [stage2] Epoch 20 Step 200/1840 | loss=0.1413 infonce=0.0673 dist=0.1850 | lr=1.10e-05
2026-03-14 19:27:57 - INFO - __main__ - [stage2] Epoch 20 Step 250/1840 | loss=0.1418 infonce=0.0679 dist=0.1848 | lr=1.10e-05
2026-03-14 19:28:31 - INFO - __main__ - [stage2] Epoch 20 Step 300/1840 | loss=0.1430 infonce=0.0690 dist=0.1850 | lr=1.09e-05
2026-03-14 19:29:05 - INFO - __main__ - [stage2] Epoch 20 Step 350/1840 | loss=0.1452 infonce=0.0714 dist=0.1846 | lr=1.09e-05
2026-03-14 19:29:39 - INFO - __main__ - [stage2] Epoch 20 Step 400/1840 | loss=0.1454 infonce=0.0713 dist=0.1851 | lr=1.09e-05
2026-03-14 19:30:14 - INFO - __main__ - [stage2] Epoch 20 Step 450/1840 | loss=0.1454 infonce=0.0715 dist=0.1847 | lr=1.08e-05
2026-03-14 19:30:47 - INFO - __main__ - [stage2] Epoch 20 Step 500/1840 | loss=0.1458 infonce=0.0718 dist=0.1850 | lr=1.08e-05
2026-03-14 19:31:21 - INFO - __main__ - [stage2] Epoch 20 Step 550/1840 | loss=0.1456 infonce=0.0717 dist=0.1849 | lr=1.08e-05
2026-03-14 19:31:54 - INFO - __main__ - [stage2] Epoch 20 Step 600/1840 | loss=0.1445 infonce=0.0706 dist=0.1848 | lr=1.07e-05
2026-03-14 19:32:28 - INFO - __main__ - [stage2] Epoch 20 Step 650/1840 | loss=0.1444 infonce=0.0705 dist=0.1848 | lr=1.07e-05
2026-03-14 19:33:03 - INFO - __main__ - [stage2] Epoch 20 Step 700/1840 | loss=0.1443 infonce=0.0703 dist=0.1848 | lr=1.07e-05
2026-03-14 19:33:36 - INFO - __main__ - [stage2] Epoch 20 Step 750/1840 | loss=0.1436 infonce=0.0696 dist=0.1848 | lr=1.07e-05
2026-03-14 19:34:10 - INFO - __main__ - [stage2] Epoch 20 Step 800/1840 | loss=0.1442 infonce=0.0702 dist=0.1848 | lr=1.06e-05
2026-03-14 19:34:44 - INFO - __main__ - [stage2] Epoch 20 Step 850/1840 | loss=0.1446 infonce=0.0707 dist=0.1849 | lr=1.06e-05
2026-03-14 19:35:19 - INFO - __main__ - [stage2] Epoch 20 Step 900/1840 | loss=0.1447 infonce=0.0707 dist=0.1849 | lr=1.06e-05
2026-03-14 19:35:53 - INFO - __main__ - [stage2] Epoch 20 Step 950/1840 | loss=0.1450 infonce=0.0711 dist=0.1847 | lr=1.05e-05
2026-03-14 19:36:27 - INFO - __main__ - [stage2] Epoch 20 Step 1000/1840 | loss=0.1450 infonce=0.0711 dist=0.1846 | lr=1.05e-05
2026-03-14 19:37:01 - INFO - __main__ - [stage2] Epoch 20 Step 1050/1840 | loss=0.1451 infonce=0.0712 dist=0.1848 | lr=1.05e-05
2026-03-14 19:37:35 - INFO - __main__ - [stage2] Epoch 20 Step 1100/1840 | loss=0.1452 infonce=0.0714 dist=0.1846 | lr=1.04e-05
2026-03-14 19:38:09 - INFO - __main__ - [stage2] Epoch 20 Step 1150/1840 | loss=0.1447 infonce=0.0709 dist=0.1845 | lr=1.04e-05
2026-03-14 19:38:43 - INFO - __main__ - [stage2] Epoch 20 Step 1200/1840 | loss=0.1445 infonce=0.0707 dist=0.1845 | lr=1.04e-05
2026-03-14 19:39:17 - INFO - __main__ - [stage2] Epoch 20 Step 1250/1840 | loss=0.1445 infonce=0.0707 dist=0.1846 | lr=1.04e-05
2026-03-14 19:39:51 - INFO - __main__ - [stage2] Epoch 20 Step 1300/1840 | loss=0.1445 infonce=0.0706 dist=0.1845 | lr=1.03e-05
2026-03-14 19:40:25 - INFO - __main__ - [stage2] Epoch 20 Step 1350/1840 | loss=0.1446 infonce=0.0708 dist=0.1845 | lr=1.03e-05
2026-03-14 19:40:59 - INFO - __main__ - [stage2] Epoch 20 Step 1400/1840 | loss=0.1444 infonce=0.0706 dist=0.1845 | lr=1.03e-05
2026-03-14 19:41:32 - INFO - __main__ - [stage2] Epoch 20 Step 1450/1840 | loss=0.1442 infonce=0.0704 dist=0.1844 | lr=1.02e-05
2026-03-14 19:42:05 - INFO - __main__ - [stage2] Epoch 20 Step 1500/1840 | loss=0.1446 infonce=0.0708 dist=0.1844 | lr=1.02e-05
2026-03-14 19:42:39 - INFO - __main__ - [stage2] Epoch 20 Step 1550/1840 | loss=0.1440 infonce=0.0703 dist=0.1843 | lr=1.02e-05
2026-03-14 19:43:13 - INFO - __main__ - [stage2] Epoch 20 Step 1600/1840 | loss=0.1442 infonce=0.0706 dist=0.1842 | lr=1.01e-05
2026-03-14 19:43:47 - INFO - __main__ - [stage2] Epoch 20 Step 1650/1840 | loss=0.1444 infonce=0.0707 dist=0.1842 | lr=1.01e-05
2026-03-14 19:44:22 - INFO - __main__ - [stage2] Epoch 20 Step 1700/1840 | loss=0.1443 infonce=0.0706 dist=0.1843 | lr=1.01e-05
2026-03-14 19:44:56 - INFO - __main__ - [stage2] Epoch 20 Step 1750/1840 | loss=0.1447 infonce=0.0710 dist=0.1843 | lr=1.01e-05
2026-03-14 19:45:29 - INFO - __main__ - [stage2] Epoch 20 Step 1800/1840 | loss=0.1444 infonce=0.0707 dist=0.1843 | lr=1.00e-05
2026-03-14 19:46:00 - INFO - __main__ - [stage2] Epoch 20 finished | avg_loss=0.1442 accuracy=0.9788 | time=1257.5s | nan_batches=0
2026-03-14 19:48:31 - INFO - __main__ - [stage2] Epoch 20 validation: nll_loss=0.5034 accuracy=0.8738
2026-03-14 19:48:33 - INFO - __main__ - Saved checkpoint: checkpoint_epoch_20.pt (epoch=20, step=5060)
2026-03-14 19:48:33 - INFO - __main__ - [stage2] No improvement. patience=6 (early stopping disabled)
2026-03-14 19:49:12 - INFO - __main__ - [stage2] Epoch 21 Step 50/1840 | loss=0.1356 infonce=0.0633 dist=0.1807 | lr=9.97e-06
2026-03-14 19:49:47 - INFO - __main__ - [stage2] Epoch 21 Step 100/1840 | loss=0.1382 infonce=0.0660 dist=0.1805 | lr=9.94e-06
2026-03-14 19:50:21 - INFO - __main__ - [stage2] Epoch 21 Step 150/1840 | loss=0.1380 infonce=0.0659 dist=0.1805 | lr=9.91e-06
2026-03-14 19:50:54 - INFO - __main__ - [stage2] Epoch 21 Step 200/1840 | loss=0.1402 infonce=0.0683 dist=0.1798 | lr=9.88e-06
2026-03-14 19:51:28 - INFO - __main__ - [stage2] Epoch 21 Step 250/1840 | loss=0.1396 infonce=0.0675 dist=0.1802 | lr=9.85e-06
2026-03-14 19:52:02 - INFO - __main__ - [stage2] Epoch 21 Step 300/1840 | loss=0.1389 infonce=0.0668 dist=0.1803 | lr=9.82e-06
2026-03-14 19:52:35 - INFO - __main__ - [stage2] Epoch 21 Step 350/1840 | loss=0.1380 infonce=0.0660 dist=0.1801 | lr=9.79e-06
2026-03-14 19:53:08 - INFO - __main__ - [stage2] Epoch 21 Step 400/1840 | loss=0.1374 infonce=0.0656 dist=0.1795 | lr=9.76e-06
2026-03-14 19:53:43 - INFO - __main__ - [stage2] Epoch 21 Step 450/1840 | loss=0.1379 infonce=0.0660 dist=0.1798 | lr=9.73e-06
2026-03-14 19:54:17 - INFO - __main__ - [stage2] Epoch 21 Step 500/1840 | loss=0.1383 infonce=0.0665 dist=0.1796 | lr=9.70e-06
2026-03-14 19:54:50 - INFO - __main__ - [stage2] Epoch 21 Step 550/1840 | loss=0.1373 infonce=0.0654 dist=0.1798 | lr=9.67e-06
2026-03-14 19:55:25 - INFO - __main__ - [stage2] Epoch 21 Step 600/1840 | loss=0.1381 infonce=0.0661 dist=0.1798 | lr=9.64e-06
2026-03-14 19:55:59 - INFO - __main__ - [stage2] Epoch 21 Step 650/1840 | loss=0.1376 infonce=0.0658 dist=0.1796 | lr=9.61e-06
2026-03-14 19:56:33 - INFO - __main__ - [stage2] Epoch 21 Step 700/1840 | loss=0.1374 infonce=0.0656 dist=0.1794 | lr=9.58e-06
2026-03-14 19:57:07 - INFO - __main__ - [stage2] Epoch 21 Step 750/1840 | loss=0.1370 infonce=0.0653 dist=0.1794 | lr=9.55e-06
2026-03-14 19:57:42 - INFO - __main__ - [stage2] Epoch 21 Step 800/1840 | loss=0.1372 infonce=0.0657 dist=0.1789 | lr=9.52e-06
2026-03-14 19:58:16 - INFO - __main__ - [stage2] Epoch 21 Step 850/1840 | loss=0.1370 infonce=0.0655 dist=0.1788 | lr=9.49e-06
2026-03-14 19:58:51 - INFO - __main__ - [stage2] Epoch 21 Step 900/1840 | loss=0.1371 infonce=0.0656 dist=0.1788 | lr=9.46e-06
2026-03-14 19:59:25 - INFO - __main__ - [stage2] Epoch 21 Step 950/1840 | loss=0.1365 infonce=0.0650 dist=0.1788 | lr=9.43e-06
2026-03-14 19:59:59 - INFO - __main__ - [stage2] Epoch 21 Step 1000/1840 | loss=0.1368 infonce=0.0652 dist=0.1789 | lr=9.40e-06
2026-03-14 20:00:33 - INFO - __main__ - [stage2] Epoch 21 Step 1050/1840 | loss=0.1367 infonce=0.0652 dist=0.1787 | lr=9.37e-06
2026-03-14 20:01:07 - INFO - __main__ - [stage2] Epoch 21 Step 1100/1840 | loss=0.1370 infonce=0.0655 dist=0.1788 | lr=9.34e-06
2026-03-14 20:01:41 - INFO - __main__ - [stage2] Epoch 21 Step 1150/1840 | loss=0.1377 infonce=0.0661 dist=0.1789 | lr=9.31e-06
2026-03-14 20:02:16 - INFO - __main__ - [stage2] Epoch 21 Step 1200/1840 | loss=0.1370 infonce=0.0655 dist=0.1788 | lr=9.28e-06
2026-03-14 20:02:51 - INFO - __main__ - [stage2] Epoch 21 Step 1250/1840 | loss=0.1370 infonce=0.0655 dist=0.1787 | lr=9.25e-06
2026-03-14 20:03:25 - INFO - __main__ - [stage2] Epoch 21 Step 1300/1840 | loss=0.1368 infonce=0.0654 dist=0.1786 | lr=9.21e-06
2026-03-14 20:03:58 - INFO - __main__ - [stage2] Epoch 21 Step 1350/1840 | loss=0.1367 infonce=0.0652 dist=0.1786 | lr=9.19e-06
2026-03-14 20:04:32 - INFO - __main__ - [stage2] Epoch 21 Step 1400/1840 | loss=0.1364 infonce=0.0651 dist=0.1785 | lr=9.15e-06
2026-03-14 20:05:06 - INFO - __main__ - [stage2] Epoch 21 Step 1450/1840 | loss=0.1367 infonce=0.0653 dist=0.1785 | lr=9.13e-06
2026-03-14 20:05:41 - INFO - __main__ - [stage2] Epoch 21 Step 1500/1840 | loss=0.1369 infonce=0.0655 dist=0.1784 | lr=9.09e-06
2026-03-14 20:06:17 - INFO - __main__ - [stage2] Epoch 21 Step 1550/1840 | loss=0.1368 infonce=0.0655 dist=0.1784 | lr=9.07e-06
2026-03-14 20:06:50 - INFO - __main__ - [stage2] Epoch 21 Step 1600/1840 | loss=0.1369 infonce=0.0656 dist=0.1783 | lr=9.03e-06
2026-03-14 20:07:24 - INFO - __main__ - [stage2] Epoch 21 Step 1650/1840 | loss=0.1369 infonce=0.0656 dist=0.1782 | lr=9.00e-06
2026-03-14 20:07:58 - INFO - __main__ - [stage2] Epoch 21 Step 1700/1840 | loss=0.1367 infonce=0.0655 dist=0.1781 | lr=8.97e-06
2026-03-14 20:08:31 - INFO - __main__ - [stage2] Epoch 21 Step 1750/1840 | loss=0.1367 infonce=0.0655 dist=0.1781 | lr=8.94e-06
2026-03-14 20:09:05 - INFO - __main__ - [stage2] Epoch 21 Step 1800/1840 | loss=0.1364 infonce=0.0652 dist=0.1781 | lr=8.91e-06
2026-03-14 20:09:37 - INFO - __main__ - [stage2] Epoch 21 finished | avg_loss=0.1368 accuracy=0.9808 | time=1263.4s | nan_batches=0
2026-03-14 20:12:07 - INFO - __main__ - [stage2] Epoch 21 validation: nll_loss=0.5221 accuracy=0.8658
2026-03-14 20:12:10 - INFO - __main__ - Saved checkpoint: checkpoint_epoch_21.pt (epoch=21, step=5520)
2026-03-14 20:12:10 - INFO - __main__ - [stage2] No improvement. patience=7 (early stopping disabled)
2026-03-14 20:12:48 - INFO - __main__ - [stage2] Epoch 22 Step 50/1840 | loss=0.1343 infonce=0.0634 dist=0.1771 | lr=8.86e-06
2026-03-14 20:13:23 - INFO - __main__ - [stage2] Epoch 22 Step 100/1840 | loss=0.1297 infonce=0.0596 dist=0.1751 | lr=8.83e-06
2026-03-14 20:13:57 - INFO - __main__ - [stage2] Epoch 22 Step 150/1840 | loss=0.1258 infonce=0.0561 dist=0.1743 | lr=8.80e-06
2026-03-14 20:14:31 - INFO - __main__ - [stage2] Epoch 22 Step 200/1840 | loss=0.1254 infonce=0.0553 dist=0.1753 | lr=8.77e-06
2026-03-14 20:15:04 - INFO - __main__ - [stage2] Epoch 22 Step 250/1840 | loss=0.1250 infonce=0.0554 dist=0.1739 | lr=8.74e-06
2026-03-14 20:15:38 - INFO - __main__ - [stage2] Epoch 22 Step 300/1840 | loss=0.1270 infonce=0.0577 dist=0.1734 | lr=8.71e-06
2026-03-14 20:16:11 - INFO - __main__ - [stage2] Epoch 22 Step 350/1840 | loss=0.1296 infonce=0.0604 dist=0.1730 | lr=8.68e-06
2026-03-14 20:16:45 - INFO - __main__ - [stage2] Epoch 22 Step 400/1840 | loss=0.1298 infonce=0.0607 dist=0.1729 | lr=8.65e-06
2026-03-14 20:17:19 - INFO - __main__ - [stage2] Epoch 22 Step 450/1840 | loss=0.1291 infonce=0.0600 dist=0.1729 | lr=8.62e-06
2026-03-14 20:17:53 - INFO - __main__ - [stage2] Epoch 22 Step 500/1840 | loss=0.1297 infonce=0.0605 dist=0.1730 | lr=8.59e-06
2026-03-14 20:18:27 - INFO - __main__ - [stage2] Epoch 22 Step 550/1840 | loss=0.1309 infonce=0.0616 dist=0.1733 | lr=8.56e-06
2026-03-14 20:19:01 - INFO - __main__ - [stage2] Epoch 22 Step 600/1840 | loss=0.1309 infonce=0.0616 dist=0.1733 | lr=8.53e-06
2026-03-14 20:19:36 - INFO - __main__ - [stage2] Epoch 22 Step 650/1840 | loss=0.1310 infonce=0.0616 dist=0.1735 | lr=8.50e-06
2026-03-14 20:20:10 - INFO - __main__ - [stage2] Epoch 22 Step 700/1840 | loss=0.1317 infonce=0.0623 dist=0.1734 | lr=8.47e-06
2026-03-14 20:20:43 - INFO - __main__ - [stage2] Epoch 22 Step 750/1840 | loss=0.1326 infonce=0.0633 dist=0.1733 | lr=8.44e-06
2026-03-14 20:21:16 - INFO - __main__ - [stage2] Epoch 22 Step 800/1840 | loss=0.1330 infonce=0.0636 dist=0.1736 | lr=8.41e-06
2026-03-14 20:21:50 - INFO - __main__ - [stage2] Epoch 22 Step 850/1840 | loss=0.1325 infonce=0.0631 dist=0.1736 | lr=8.38e-06
2026-03-14 20:22:24 - INFO - __main__ - [stage2] Epoch 22 Step 900/1840 | loss=0.1327 infonce=0.0633 dist=0.1735 | lr=8.35e-06
2026-03-14 20:22:58 - INFO - __main__ - [stage2] Epoch 22 Step 950/1840 | loss=0.1322 infonce=0.0626 dist=0.1738 | lr=8.32e-06
2026-03-14 20:23:31 - INFO - __main__ - [stage2] Epoch 22 Step 1000/1840 | loss=0.1325 infonce=0.0630 dist=0.1736 | lr=8.29e-06
2026-03-14 20:24:05 - INFO - __main__ - [stage2] Epoch 22 Step 1050/1840 | loss=0.1329 infonce=0.0635 dist=0.1736 | lr=8.26e-06
2026-03-14 20:24:38 - INFO - __main__ - [stage2] Epoch 22 Step 1100/1840 | loss=0.1327 infonce=0.0632 dist=0.1737 | lr=8.22e-06
2026-03-14 20:25:12 - INFO - __main__ - [stage2] Epoch 22 Step 1150/1840 | loss=0.1326 infonce=0.0631 dist=0.1736 | lr=8.20e-06
2026-03-14 20:25:47 - INFO - __main__ - [stage2] Epoch 22 Step 1200/1840 | loss=0.1321 infonce=0.0627 dist=0.1737 | lr=8.16e-06
2026-03-14 20:26:20 - INFO - __main__ - [stage2] Epoch 22 Step 1250/1840 | loss=0.1319 infonce=0.0623 dist=0.1739 | lr=8.14e-06
2026-03-14 20:26:54 - INFO - __main__ - [stage2] Epoch 22 Step 1300/1840 | loss=0.1318 infonce=0.0623 dist=0.1737 | lr=8.10e-06
2026-03-14 20:27:28 - INFO - __main__ - [stage2] Epoch 22 Step 1350/1840 | loss=0.1319 infonce=0.0624 dist=0.1737 | lr=8.07e-06
2026-03-14 20:28:02 - INFO - __main__ - [stage2] Epoch 22 Step 1400/1840 | loss=0.1318 infonce=0.0623 dist=0.1737 | lr=8.04e-06
2026-03-14 20:28:35 - INFO - __main__ - [stage2] Epoch 22 Step 1450/1840 | loss=0.1318 infonce=0.0624 dist=0.1735 | lr=8.01e-06
2026-03-14 20:29:08 - INFO - __main__ - [stage2] Epoch 22 Step 1500/1840 | loss=0.1317 infonce=0.0623 dist=0.1734 | lr=7.98e-06
2026-03-14 20:29:43 - INFO - __main__ - [stage2] Epoch 22 Step 1550/1840 | loss=0.1321 infonce=0.0627 dist=0.1733 | lr=7.95e-06
2026-03-14 20:30:17 - INFO - __main__ - [stage2] Epoch 22 Step 1600/1840 | loss=0.1324 infonce=0.0631 dist=0.1733 | lr=7.92e-06
2026-03-14 20:30:52 - INFO - __main__ - [stage2] Epoch 22 Step 1650/1840 | loss=0.1322 infonce=0.0629 dist=0.1733 | lr=7.89e-06
2026-03-14 20:31:26 - INFO - __main__ - [stage2] Epoch 22 Step 1700/1840 | loss=0.1322 infonce=0.0629 dist=0.1733 | lr=7.86e-06
2026-03-14 20:31:59 - INFO - __main__ - [stage2] Epoch 22 Step 1750/1840 | loss=0.1326 infonce=0.0633 dist=0.1733 | lr=7.83e-06
2026-03-14 20:32:33 - INFO - __main__ - [stage2] Epoch 22 Step 1800/1840 | loss=0.1323 infonce=0.0630 dist=0.1732 | lr=7.80e-06
2026-03-14 20:33:03 - INFO - __main__ - [stage2] Epoch 22 finished | avg_loss=0.1323 accuracy=0.9808 | time=1253.1s | nan_batches=0
2026-03-14 20:35:33 - INFO - __main__ - [stage2] Epoch 22 validation: nll_loss=0.5161 accuracy=0.8672
2026-03-14 20:35:36 - INFO - __main__ - Saved checkpoint: checkpoint_epoch_22.pt (epoch=22, step=5980)
2026-03-14 20:35:36 - INFO - __main__ - [stage2] No improvement. patience=8 (early stopping disabled)
2026-03-14 20:36:15 - INFO - __main__ - [stage2] Epoch 23 Step 50/1840 | loss=0.1285 infonce=0.0590 dist=0.1739 | lr=7.75e-06
2026-03-14 20:36:50 - INFO - __main__ - [stage2] Epoch 23 Step 100/1840 | loss=0.1291 infonce=0.0609 dist=0.1706 | lr=7.72e-06
2026-03-14 20:37:23 - INFO - __main__ - [stage2] Epoch 23 Step 150/1840 | loss=0.1292 infonce=0.0609 dist=0.1708 | lr=7.69e-06
2026-03-14 20:37:58 - INFO - __main__ - [stage2] Epoch 23 Step 200/1840 | loss=0.1289 infonce=0.0608 dist=0.1702 | lr=7.66e-06
2026-03-14 20:38:32 - INFO - __main__ - [stage2] Epoch 23 Step 250/1840 | loss=0.1304 infonce=0.0625 dist=0.1696 | lr=7.63e-06
2026-03-14 20:39:06 - INFO - __main__ - [stage2] Epoch 23 Step 300/1840 | loss=0.1302 infonce=0.0625 dist=0.1694 | lr=7.60e-06
2026-03-14 20:39:40 - INFO - __main__ - [stage2] Epoch 23 Step 350/1840 | loss=0.1306 infonce=0.0630 dist=0.1691 | lr=7.57e-06
2026-03-14 20:40:14 - INFO - __main__ - [stage2] Epoch 23 Step 400/1840 | loss=0.1297 infonce=0.0621 dist=0.1690 | lr=7.54e-06
2026-03-14 20:40:48 - INFO - __main__ - [stage2] Epoch 23 Step 450/1840 | loss=0.1284 infonce=0.0606 dist=0.1693 | lr=7.51e-06
2026-03-14 20:41:22 - INFO - __main__ - [stage2] Epoch 23 Step 500/1840 | loss=0.1277 infonce=0.0600 dist=0.1693 | lr=7.48e-06
2026-03-14 20:41:56 - INFO - __main__ - [stage2] Epoch 23 Step 550/1840 | loss=0.1280 infonce=0.0603 dist=0.1693 | lr=7.45e-06
2026-03-14 20:42:30 - INFO - __main__ - [stage2] Epoch 23 Step 600/1840 | loss=0.1276 infonce=0.0599 dist=0.1692 | lr=7.42e-06
2026-03-14 20:43:03 - INFO - __main__ - [stage2] Epoch 23 Step 650/1840 | loss=0.1280 infonce=0.0603 dist=0.1692 | lr=7.39e-06
2026-03-14 20:43:37 - INFO - __main__ - [stage2] Epoch 23 Step 700/1840 | loss=0.1272 infonce=0.0595 dist=0.1692 | lr=7.36e-06
2026-03-14 20:44:10 - INFO - __main__ - [stage2] Epoch 23 Step 750/1840 | loss=0.1278 infonce=0.0601 dist=0.1692 | lr=7.33e-06
2026-03-14 20:44:43 - INFO - __main__ - [stage2] Epoch 23 Step 800/1840 | loss=0.1275 infonce=0.0598 dist=0.1692 | lr=7.29e-06
2026-03-14 20:45:17 - INFO - __main__ - [stage2] Epoch 23 Step 850/1840 | loss=0.1273 infonce=0.0597 dist=0.1690 | lr=7.27e-06
2026-03-14 20:45:50 - INFO - __main__ - [stage2] Epoch 23 Step 900/1840 | loss=0.1269 infonce=0.0593 dist=0.1691 | lr=7.23e-06
2026-03-14 20:46:25 - INFO - __main__ - [stage2] Epoch 23 Step 950/1840 | loss=0.1270 infonce=0.0593 dist=0.1692 | lr=7.21e-06
2026-03-14 20:46:58 - INFO - __main__ - [stage2] Epoch 23 Step 1000/1840 | loss=0.1274 infonce=0.0598 dist=0.1691 | lr=7.17e-06
2026-03-14 20:47:32 - INFO - __main__ - [stage2] Epoch 23 Step 1050/1840 | loss=0.1272 infonce=0.0596 dist=0.1690 | lr=7.14e-06
2026-03-14 20:48:06 - INFO - __main__ - [stage2] Epoch 23 Step 1100/1840 | loss=0.1271 infonce=0.0595 dist=0.1690 | lr=7.11e-06
2026-03-14 20:48:41 - INFO - __main__ - [stage2] Epoch 23 Step 1150/1840 | loss=0.1270 infonce=0.0595 dist=0.1689 | lr=7.08e-06
2026-03-14 20:49:15 - INFO - __main__ - [stage2] Epoch 23 Step 1200/1840 | loss=0.1270 infonce=0.0594 dist=0.1689 | lr=7.05e-06
2026-03-14 20:49:49 - INFO - __main__ - [stage2] Epoch 23 Step 1250/1840 | loss=0.1269 infonce=0.0595 dist=0.1687 | lr=7.02e-06
2026-03-14 20:50:24 - INFO - __main__ - [stage2] Epoch 23 Step 1300/1840 | loss=0.1268 infonce=0.0593 dist=0.1686 | lr=6.99e-06
2026-03-14 20:50:58 - INFO - __main__ - [stage2] Epoch 23 Step 1350/1840 | loss=0.1270 infonce=0.0596 dist=0.1686 | lr=6.96e-06
2026-03-14 20:51:32 - INFO - __main__ - [stage2] Epoch 23 Step 1400/1840 | loss=0.1274 infonce=0.0600 dist=0.1687 | lr=6.93e-06
2026-03-14 20:52:06 - INFO - __main__ - [stage2] Epoch 23 Step 1450/1840 | loss=0.1275 infonce=0.0600 dist=0.1687 | lr=6.90e-06
2026-03-14 20:52:40 - INFO - __main__ - [stage2] Epoch 23 Step 1500/1840 | loss=0.1275 infonce=0.0601 dist=0.1686 | lr=6.87e-06
2026-03-14 20:53:14 - INFO - __main__ - [stage2] Epoch 23 Step 1550/1840 | loss=0.1277 infonce=0.0602 dist=0.1686 | lr=6.84e-06
2026-03-14 20:53:48 - INFO - __main__ - [stage2] Epoch 23 Step 1600/1840 | loss=0.1274 infonce=0.0600 dist=0.1686 | lr=6.81e-06
2026-03-14 20:54:22 - INFO - __main__ - [stage2] Epoch 23 Step 1650/1840 | loss=0.1273 infonce=0.0599 dist=0.1685 | lr=6.78e-06
2026-03-14 20:54:57 - INFO - __main__ - [stage2] Epoch 23 Step 1700/1840 | loss=0.1269 infonce=0.0595 dist=0.1685 | lr=6.75e-06
2026-03-14 20:55:29 - INFO - __main__ - [stage2] Epoch 23 Step 1750/1840 | loss=0.1271 infonce=0.0597 dist=0.1685 | lr=6.72e-06
2026-03-14 20:56:04 - INFO - __main__ - [stage2] Epoch 23 Step 1800/1840 | loss=0.1269 infonce=0.0595 dist=0.1685 | lr=6.69e-06
2026-03-14 20:56:34 - INFO - __main__ - [stage2] Epoch 23 finished | avg_loss=0.1270 accuracy=0.9821 | time=1258.0s | nan_batches=0
2026-03-14 20:59:02 - INFO - __main__ - [stage2] Epoch 23 validation: nll_loss=0.5387 accuracy=0.8688
2026-03-14 20:59:05 - INFO - __main__ - Saved checkpoint: checkpoint_epoch_23.pt (epoch=23, step=6440)
2026-03-14 20:59:05 - INFO - __main__ - [stage2] No improvement. patience=9 (early stopping disabled)
2026-03-14 20:59:44 - INFO - __main__ - [stage2] Epoch 24 Step 50/1840 | loss=0.1203 infonce=0.0534 dist=0.1671 | lr=6.64e-06
2026-03-14 21:00:18 - INFO - __main__ - [stage2] Epoch 24 Step 100/1840 | loss=0.1160 infonce=0.0495 dist=0.1662 | lr=6.61e-06
2026-03-14 21:00:52 - INFO - __main__ - [stage2] Epoch 24 Step 150/1840 | loss=0.1190 infonce=0.0523 dist=0.1667 | lr=6.58e-06
2026-03-14 21:01:27 - INFO - __main__ - [stage2] Epoch 24 Step 200/1840 | loss=0.1168 infonce=0.0503 dist=0.1661 | lr=6.55e-06
2026-03-14 21:02:00 - INFO - __main__ - [stage2] Epoch 24 Step 250/1840 | loss=0.1176 infonce=0.0511 dist=0.1663 | lr=6.52e-06
2026-03-14 21:02:34 - INFO - __main__ - [stage2] Epoch 24 Step 300/1840 | loss=0.1193 infonce=0.0529 dist=0.1661 | lr=6.49e-06
2026-03-14 21:03:08 - INFO - __main__ - [stage2] Epoch 24 Step 350/1840 | loss=0.1204 infonce=0.0541 dist=0.1658 | lr=6.46e-06
2026-03-14 21:03:42 - INFO - __main__ - [stage2] Epoch 24 Step 400/1840 | loss=0.1209 infonce=0.0547 dist=0.1656 | lr=6.43e-06
2026-03-14 21:04:15 - INFO - __main__ - [stage2] Epoch 24 Step 450/1840 | loss=0.1207 infonce=0.0544 dist=0.1658 | lr=6.40e-06
2026-03-14 21:04:48 - INFO - __main__ - [stage2] Epoch 24 Step 500/1840 | loss=0.1207 infonce=0.0544 dist=0.1657 | lr=6.36e-06
2026-03-14 21:05:22 - INFO - __main__ - [stage2] Epoch 24 Step 550/1840 | loss=0.1208 infonce=0.0545 dist=0.1657 | lr=6.34e-06
2026-03-14 21:05:56 - INFO - __main__ - [stage2] Epoch 24 Step 600/1840 | loss=0.1204 infonce=0.0542 dist=0.1656 | lr=6.30e-06
2026-03-14 21:06:29 - INFO - __main__ - [stage2] Epoch 24 Step 650/1840 | loss=0.1197 infonce=0.0534 dist=0.1658 | lr=6.28e-06
2026-03-14 21:07:03 - INFO - __main__ - [stage2] Epoch 24 Step 700/1840 | loss=0.1196 infonce=0.0533 dist=0.1657 | lr=6.24e-06
2026-03-14 21:07:38 - INFO - __main__ - [stage2] Epoch 24 Step 750/1840 | loss=0.1191 infonce=0.0528 dist=0.1657 | lr=6.21e-06
2026-03-14 21:08:12 - INFO - __main__ - [stage2] Epoch 24 Step 800/1840 | loss=0.1196 infonce=0.0534 dist=0.1655 | lr=6.18e-06
2026-03-14 21:08:46 - INFO - __main__ - [stage2] Epoch 24 Step 850/1840 | loss=0.1198 infonce=0.0535 dist=0.1656 | lr=6.15e-06
2026-03-14 21:09:22 - INFO - __main__ - [stage2] Epoch 24 Step 900/1840 | loss=0.1199 infonce=0.0537 dist=0.1655 | lr=6.12e-06
2026-03-14 21:09:55 - INFO - __main__ - [stage2] Epoch 24 Step 950/1840 | loss=0.1197 infonce=0.0535 dist=0.1657 | lr=6.09e-06
2026-03-14 21:10:29 - INFO - __main__ - [stage2] Epoch 24 Step 1000/1840 | loss=0.1201 infonce=0.0538 dist=0.1655 | lr=6.06e-06
2026-03-14 21:11:03 - INFO - __main__ - [stage2] Epoch 24 Step 1050/1840 | loss=0.1202 infonce=0.0540 dist=0.1655 | lr=6.03e-06
2026-03-14 21:11:37 - INFO - __main__ - [stage2] Epoch 24 Step 1100/1840 | loss=0.1205 infonce=0.0544 dist=0.1654 | lr=6.00e-06
2026-03-14 21:12:11 - INFO - __main__ - [stage2] Epoch 24 Step 1150/1840 | loss=0.1209 infonce=0.0548 dist=0.1653 | lr=5.97e-06
2026-03-14 21:12:46 - INFO - __main__ - [stage2] Epoch 24 Step 1200/1840 | loss=0.1214 infonce=0.0553 dist=0.1653 | lr=5.94e-06
2026-03-14 21:13:20 - INFO - __main__ - [stage2] Epoch 24 Step 1250/1840 | loss=0.1217 infonce=0.0556 dist=0.1653 | lr=5.91e-06
2026-03-14 21:13:55 - INFO - __main__ - [stage2] Epoch 24 Step 1300/1840 | loss=0.1212 infonce=0.0551 dist=0.1651 | lr=5.88e-06
2026-03-14 21:14:29 - INFO - __main__ - [stage2] Epoch 24 Step 1350/1840 | loss=0.1216 infonce=0.0556 dist=0.1650 | lr=5.85e-06
2026-03-14 21:15:03 - INFO - __main__ - [stage2] Epoch 24 Step 1400/1840 | loss=0.1217 infonce=0.0558 dist=0.1649 | lr=5.82e-06
2026-03-14 21:15:37 - INFO - __main__ - [stage2] Epoch 24 Step 1450/1840 | loss=0.1216 infonce=0.0557 dist=0.1649 | lr=5.79e-06
2026-03-14 21:16:11 - INFO - __main__ - [stage2] Epoch 24 Step 1500/1840 | loss=0.1217 infonce=0.0558 dist=0.1648 | lr=5.76e-06
2026-03-14 21:16:44 - INFO - __main__ - [stage2] Epoch 24 Step 1550/1840 | loss=0.1216 infonce=0.0557 dist=0.1648 | lr=5.73e-06
2026-03-14 21:17:19 - INFO - __main__ - [stage2] Epoch 24 Step 1600/1840 | loss=0.1215 infonce=0.0555 dist=0.1648 | lr=5.70e-06
2026-03-14 21:17:52 - INFO - __main__ - [stage2] Epoch 24 Step 1650/1840 | loss=0.1216 infonce=0.0556 dist=0.1649 | lr=5.67e-06
2026-03-14 21:18:26 - INFO - __main__ - [stage2] Epoch 24 Step 1700/1840 | loss=0.1220 infonce=0.0560 dist=0.1648 | lr=5.64e-06
2026-03-14 21:19:00 - INFO - __main__ - [stage2] Epoch 24 Step 1750/1840 | loss=0.1221 infonce=0.0562 dist=0.1648 | lr=5.61e-06
2026-03-14 21:19:34 - INFO - __main__ - [stage2] Epoch 24 Step 1800/1840 | loss=0.1222 infonce=0.0563 dist=0.1648 | lr=5.58e-06
2026-03-14 21:20:05 - INFO - __main__ - [stage2] Epoch 24 finished | avg_loss=0.1222 accuracy=0.9834 | time=1260.2s | nan_batches=0
2026-03-14 21:22:33 - INFO - __main__ - [stage2] Epoch 24 validation: nll_loss=0.5367 accuracy=0.8657
2026-03-14 21:22:36 - INFO - __main__ - Saved checkpoint: checkpoint_epoch_24.pt (epoch=24, step=6900)
2026-03-14 21:22:36 - INFO - __main__ - [stage2] No improvement. patience=10 (early stopping disabled)
2026-03-14 21:23:17 - INFO - __main__ - [stage2] Epoch 25 Step 50/1840 | loss=0.1133 infonce=0.0490 dist=0.1607 | lr=5.53e-06
2026-03-14 21:23:51 - INFO - __main__ - [stage2] Epoch 25 Step 100/1840 | loss=0.1256 infonce=0.0601 dist=0.1636 | lr=5.50e-06
2026-03-14 21:24:25 - INFO - __main__ - [stage2] Epoch 25 Step 150/1840 | loss=0.1199 infonce=0.0547 dist=0.1631 | lr=5.47e-06
2026-03-14 21:24:59 - INFO - __main__ - [stage2] Epoch 25 Step 200/1840 | loss=0.1185 infonce=0.0532 dist=0.1633 | lr=5.43e-06
2026-03-14 21:25:32 - INFO - __main__ - [stage2] Epoch 25 Step 250/1840 | loss=0.1157 infonce=0.0506 dist=0.1627 | lr=5.41e-06
2026-03-14 21:26:07 - INFO - __main__ - [stage2] Epoch 25 Step 300/1840 | loss=0.1166 infonce=0.0517 dist=0.1623 | lr=5.37e-06
2026-03-14 21:26:41 - INFO - __main__ - [stage2] Epoch 25 Step 350/1840 | loss=0.1160 infonce=0.0514 dist=0.1614 | lr=5.35e-06
2026-03-14 21:27:15 - INFO - __main__ - [stage2] Epoch 25 Step 400/1840 | loss=0.1158 infonce=0.0511 dist=0.1616 | lr=5.31e-06
2026-03-14 21:27:49 - INFO - __main__ - [stage2] Epoch 25 Step 450/1840 | loss=0.1156 infonce=0.0509 dist=0.1618 | lr=5.29e-06
2026-03-14 21:28:23 - INFO - __main__ - [stage2] Epoch 25 Step 500/1840 | loss=0.1163 infonce=0.0516 dist=0.1615 | lr=5.25e-06
2026-03-14 21:28:57 - INFO - __main__ - [stage2] Epoch 25 Step 550/1840 | loss=0.1156 infonce=0.0509 dist=0.1618 | lr=5.22e-06
2026-03-14 21:29:31 - INFO - __main__ - [stage2] Epoch 25 Step 600/1840 | loss=0.1160 infonce=0.0514 dist=0.1616 | lr=5.19e-06
2026-03-14 21:30:05 - INFO - __main__ - [stage2] Epoch 25 Step 650/1840 | loss=0.1170 infonce=0.0523 dist=0.1617 | lr=5.16e-06
2026-03-14 21:30:39 - INFO - __main__ - [stage2] Epoch 25 Step 700/1840 | loss=0.1175 infonce=0.0529 dist=0.1616 | lr=5.13e-06
2026-03-14 21:31:13 - INFO - __main__ - [stage2] Epoch 25 Step 750/1840 | loss=0.1178 infonce=0.0532 dist=0.1615 | lr=5.10e-06
2026-03-14 21:31:47 - INFO - __main__ - [stage2] Epoch 25 Step 800/1840 | loss=0.1175 infonce=0.0530 dist=0.1614 | lr=5.07e-06
2026-03-14 21:32:21 - INFO - __main__ - [stage2] Epoch 25 Step 850/1840 | loss=0.1180 infonce=0.0534 dist=0.1615 | lr=5.04e-06
2026-03-14 21:32:54 - INFO - __main__ - [stage2] Epoch 25 Step 900/1840 | loss=0.1187 infonce=0.0541 dist=0.1615 | lr=5.01e-06
2026-03-14 21:33:28 - INFO - __main__ - [stage2] Epoch 25 Step 950/1840 | loss=0.1186 infonce=0.0540 dist=0.1616 | lr=4.98e-06
2026-03-14 21:34:02 - INFO - __main__ - [stage2] Epoch 25 Step 1000/1840 | loss=0.1190 infonce=0.0543 dist=0.1616 | lr=4.95e-06
2026-03-14 21:34:36 - INFO - __main__ - [stage2] Epoch 25 Step 1050/1840 | loss=0.1193 infonce=0.0546 dist=0.1617 | lr=4.92e-06
2026-03-14 21:35:10 - INFO - __main__ - [stage2] Epoch 25 Step 1100/1840 | loss=0.1193 infonce=0.0546 dist=0.1616 | lr=4.89e-06
2026-03-14 21:35:44 - INFO - __main__ - [stage2] Epoch 25 Step 1150/1840 | loss=0.1197 infonce=0.0551 dist=0.1615 | lr=4.86e-06
2026-03-14 21:36:18 - INFO - __main__ - [stage2] Epoch 25 Step 1200/1840 | loss=0.1198 infonce=0.0553 dist=0.1614 | lr=4.83e-06
2026-03-14 21:36:52 - INFO - __main__ - [stage2] Epoch 25 Step 1250/1840 | loss=0.1199 infonce=0.0553 dist=0.1615 | lr=4.80e-06
2026-03-14 21:37:25 - INFO - __main__ - [stage2] Epoch 25 Step 1300/1840 | loss=0.1196 infonce=0.0550 dist=0.1615 | lr=4.77e-06
2026-03-14 21:37:59 - INFO - __main__ - [stage2] Epoch 25 Step 1350/1840 | loss=0.1193 infonce=0.0547 dist=0.1614 | lr=4.74e-06
2026-03-14 21:38:32 - INFO - __main__ - [stage2] Epoch 25 Step 1400/1840 | loss=0.1192 infonce=0.0547 dist=0.1612 | lr=4.71e-06
2026-03-14 21:39:06 - INFO - __main__ - [stage2] Epoch 25 Step 1450/1840 | loss=0.1191 infonce=0.0545 dist=0.1613 | lr=4.68e-06
2026-03-14 21:39:40 - INFO - __main__ - [stage2] Epoch 25 Step 1500/1840 | loss=0.1185 infonce=0.0540 dist=0.1612 | lr=4.65e-06
2026-03-14 21:40:17 - INFO - __main__ - [stage2] Epoch 25 Step 1550/1840 | loss=0.1184 infonce=0.0539 dist=0.1612 | lr=4.62e-06
2026-03-14 21:40:51 - INFO - __main__ - [stage2] Epoch 25 Step 1600/1840 | loss=0.1184 infonce=0.0539 dist=0.1612 | lr=4.59e-06
2026-03-14 21:41:26 - INFO - __main__ - [stage2] Epoch 25 Step 1650/1840 | loss=0.1188 infonce=0.0544 dist=0.1611 | lr=4.56e-06
2026-03-14 21:42:00 - INFO - __main__ - [stage2] Epoch 25 Step 1700/1840 | loss=0.1192 infonce=0.0547 dist=0.1612 | lr=4.53e-06
2026-03-14 21:42:34 - INFO - __main__ - [stage2] Epoch 25 Step 1750/1840 | loss=0.1191 infonce=0.0546 dist=0.1611 | lr=4.50e-06
2026-03-14 21:43:07 - INFO - __main__ - [stage2] Epoch 25 Step 1800/1840 | loss=0.1191 infonce=0.0547 dist=0.1611 | lr=4.47e-06
2026-03-14 21:43:38 - INFO - __main__ - [stage2] Epoch 25 finished | avg_loss=0.1192 accuracy=0.9837 | time=1261.7s | nan_batches=0
2026-03-14 21:46:07 - INFO - __main__ - [stage2] Epoch 25 validation: nll_loss=0.5540 accuracy=0.8666
2026-03-14 21:46:11 - INFO - __main__ - Saved checkpoint: checkpoint_epoch_25.pt (epoch=25, step=7360)
2026-03-14 21:46:11 - INFO - __main__ - [stage2] No improvement. patience=11 (early stopping disabled)
2026-03-14 21:46:51 - INFO - __main__ - [stage2] Epoch 26 Step 50/1840 | loss=0.1332 infonce=0.0700 dist=0.1580 | lr=4.42e-06
2026-03-14 21:47:26 - INFO - __main__ - [stage2] Epoch 26 Step 100/1840 | loss=0.1240 infonce=0.0604 dist=0.1588 | lr=4.38e-06
2026-03-14 21:48:00 - INFO - __main__ - [stage2] Epoch 26 Step 150/1840 | loss=0.1207 infonce=0.0571 dist=0.1589 | lr=4.36e-06
2026-03-14 21:48:33 - INFO - __main__ - [stage2] Epoch 26 Step 200/1840 | loss=0.1204 infonce=0.0568 dist=0.1592 | lr=4.32e-06
2026-03-14 21:49:07 - INFO - __main__ - [stage2] Epoch 26 Step 250/1840 | loss=0.1185 infonce=0.0547 dist=0.1596 | lr=4.29e-06
2026-03-14 21:49:41 - INFO - __main__ - [stage2] Epoch 26 Step 300/1840 | loss=0.1186 infonce=0.0545 dist=0.1601 | lr=4.26e-06
2026-03-14 21:50:15 - INFO - __main__ - [stage2] Epoch 26 Step 350/1840 | loss=0.1186 infonce=0.0548 dist=0.1595 | lr=4.23e-06
2026-03-14 21:50:48 - INFO - __main__ - [stage2] Epoch 26 Step 400/1840 | loss=0.1192 infonce=0.0555 dist=0.1594 | lr=4.20e-06
2026-03-14 21:51:23 - INFO - __main__ - [stage2] Epoch 26 Step 450/1840 | loss=0.1193 infonce=0.0555 dist=0.1595 | lr=4.17e-06
2026-03-14 21:51:57 - INFO - __main__ - [stage2] Epoch 26 Step 500/1840 | loss=0.1191 infonce=0.0555 dist=0.1589 | lr=4.14e-06
2026-03-14 21:52:31 - INFO - __main__ - [stage2] Epoch 26 Step 550/1840 | loss=0.1182 infonce=0.0545 dist=0.1591 | lr=4.11e-06
2026-03-14 21:53:05 - INFO - __main__ - [stage2] Epoch 26 Step 600/1840 | loss=0.1189 infonce=0.0553 dist=0.1591 | lr=4.08e-06
2026-03-14 21:53:40 - INFO - __main__ - [stage2] Epoch 26 Step 650/1840 | loss=0.1179 infonce=0.0544 dist=0.1588 | lr=4.05e-06
2026-03-14 21:54:13 - INFO - __main__ - [stage2] Epoch 26 Step 700/1840 | loss=0.1179 infonce=0.0543 dist=0.1589 | lr=4.02e-06
2026-03-14 21:54:47 - INFO - __main__ - [stage2] Epoch 26 Step 750/1840 | loss=0.1182 infonce=0.0547 dist=0.1589 | lr=3.99e-06
2026-03-14 21:55:21 - INFO - __main__ - [stage2] Epoch 26 Step 800/1840 | loss=0.1183 infonce=0.0547 dist=0.1590 | lr=3.96e-06
2026-03-14 21:55:55 - INFO - __main__ - [stage2] Epoch 26 Step 850/1840 | loss=0.1178 infonce=0.0543 dist=0.1588 | lr=3.93e-06
2026-03-14 21:56:29 - INFO - __main__ - [stage2] Epoch 26 Step 900/1840 | loss=0.1171 infonce=0.0536 dist=0.1587 | lr=3.90e-06
2026-03-14 21:57:04 - INFO - __main__ - [stage2] Epoch 26 Step 950/1840 | loss=0.1170 infonce=0.0536 dist=0.1587 | lr=3.87e-06
2026-03-14 21:57:39 - INFO - __main__ - [stage2] Epoch 26 Step 1000/1840 | loss=0.1174 infonce=0.0540 dist=0.1586 | lr=3.84e-06
2026-03-14 21:58:14 - INFO - __main__ - [stage2] Epoch 26 Step 1050/1840 | loss=0.1176 infonce=0.0541 dist=0.1587 | lr=3.81e-06
2026-03-14 21:58:49 - INFO - __main__ - [stage2] Epoch 26 Step 1100/1840 | loss=0.1178 infonce=0.0544 dist=0.1586 | lr=3.78e-06
2026-03-14 21:59:23 - INFO - __main__ - [stage2] Epoch 26 Step 1150/1840 | loss=0.1179 infonce=0.0545 dist=0.1586 | lr=3.75e-06
2026-03-14 21:59:56 - INFO - __main__ - [stage2] Epoch 26 Step 1200/1840 | loss=0.1180 infonce=0.0545 dist=0.1587 | lr=3.72e-06
2026-03-14 22:00:31 - INFO - __main__ - [stage2] Epoch 26 Step 1250/1840 | loss=0.1175 infonce=0.0540 dist=0.1587 | lr=3.69e-06
2026-03-14 22:01:06 - INFO - __main__ - [stage2] Epoch 26 Step 1300/1840 | loss=0.1174 infonce=0.0540 dist=0.1587 | lr=3.66e-06
2026-03-14 22:01:41 - INFO - __main__ - [stage2] Epoch 26 Step 1350/1840 | loss=0.1175 infonce=0.0541 dist=0.1585 | lr=3.63e-06
2026-03-14 22:02:15 - INFO - __main__ - [stage2] Epoch 26 Step 1400/1840 | loss=0.1172 infonce=0.0538 dist=0.1585 | lr=3.60e-06
2026-03-14 22:02:49 - INFO - __main__ - [stage2] Epoch 26 Step 1450/1840 | loss=0.1169 infonce=0.0535 dist=0.1586 | lr=3.57e-06
2026-03-14 22:03:24 - INFO - __main__ - [stage2] Epoch 26 Step 1500/1840 | loss=0.1172 infonce=0.0538 dist=0.1585 | lr=3.54e-06
2026-03-14 22:03:58 - INFO - __main__ - [stage2] Epoch 26 Step 1550/1840 | loss=0.1175 infonce=0.0541 dist=0.1585 | lr=3.51e-06
2026-03-14 22:04:33 - INFO - __main__ - [stage2] Epoch 26 Step 1600/1840 | loss=0.1173 infonce=0.0539 dist=0.1585 | lr=3.48e-06
2026-03-14 22:05:07 - INFO - __main__ - [stage2] Epoch 26 Step 1650/1840 | loss=0.1172 infonce=0.0538 dist=0.1586 | lr=3.45e-06
2026-03-14 22:05:41 - INFO - __main__ - [stage2] Epoch 26 Step 1700/1840 | loss=0.1169 infonce=0.0535 dist=0.1586 | lr=3.42e-06
2026-03-14 22:06:15 - INFO - __main__ - [stage2] Epoch 26 Step 1750/1840 | loss=0.1169 infonce=0.0535 dist=0.1585 | lr=3.39e-06
2026-03-14 22:06:49 - INFO - __main__ - [stage2] Epoch 26 Step 1800/1840 | loss=0.1168 infonce=0.0534 dist=0.1584 | lr=3.36e-06
2026-03-14 22:07:20 - INFO - __main__ - [stage2] Epoch 26 finished | avg_loss=0.1169 accuracy=0.9836 | time=1268.2s | nan_batches=0
2026-03-14 22:09:50 - INFO - __main__ - [stage2] Epoch 26 validation: nll_loss=0.5478 accuracy=0.8620
2026-03-14 22:09:53 - INFO - __main__ - Saved checkpoint: checkpoint_epoch_26.pt (epoch=26, step=7820)
2026-03-14 22:09:53 - INFO - __main__ - [stage2] No improvement. patience=12 (early stopping disabled)
2026-03-14 22:10:33 - INFO - __main__ - [stage2] Epoch 27 Step 50/1840 | loss=0.1168 infonce=0.0548 dist=0.1550 | lr=3.30e-06
2026-03-14 22:11:08 - INFO - __main__ - [stage2] Epoch 27 Step 100/1840 | loss=0.1137 infonce=0.0510 dist=0.1568 | lr=3.27e-06
2026-03-14 22:11:42 - INFO - __main__ - [stage2] Epoch 27 Step 150/1840 | loss=0.1110 infonce=0.0482 dist=0.1569 | lr=3.24e-06
2026-03-14 22:12:16 - INFO - __main__ - [stage2] Epoch 27 Step 200/1840 | loss=0.1127 infonce=0.0499 dist=0.1570 | lr=3.21e-06
2026-03-14 22:12:51 - INFO - __main__ - [stage2] Epoch 27 Step 250/1840 | loss=0.1122 infonce=0.0497 dist=0.1563 | lr=3.18e-06
2026-03-14 22:13:26 - INFO - __main__ - [stage2] Epoch 27 Step 300/1840 | loss=0.1116 infonce=0.0490 dist=0.1567 | lr=3.15e-06
2026-03-14 22:14:00 - INFO - __main__ - [stage2] Epoch 27 Step 350/1840 | loss=0.1134 infonce=0.0507 dist=0.1567 | lr=3.12e-06
2026-03-14 22:14:34 - INFO - __main__ - [stage2] Epoch 27 Step 400/1840 | loss=0.1137 infonce=0.0509 dist=0.1568 | lr=3.09e-06
2026-03-14 22:15:10 - INFO - __main__ - [stage2] Epoch 27 Step 450/1840 | loss=0.1125 infonce=0.0499 dist=0.1565 | lr=3.06e-06
2026-03-14 22:15:44 - INFO - __main__ - [stage2] Epoch 27 Step 500/1840 | loss=0.1119 infonce=0.0494 dist=0.1564 | lr=3.03e-06
2026-03-14 22:16:19 - INFO - __main__ - [stage2] Epoch 27 Step 550/1840 | loss=0.1128 infonce=0.0503 dist=0.1562 | lr=3.00e-06
2026-03-14 22:16:52 - INFO - __main__ - [stage2] Epoch 27 Step 600/1840 | loss=0.1129 infonce=0.0505 dist=0.1561 | lr=2.97e-06
2026-03-14 22:17:26 - INFO - __main__ - [stage2] Epoch 27 Step 650/1840 | loss=0.1138 infonce=0.0516 dist=0.1557 | lr=2.94e-06
2026-03-14 22:17:59 - INFO - __main__ - [stage2] Epoch 27 Step 700/1840 | loss=0.1131 infonce=0.0508 dist=0.1557 | lr=2.91e-06
2026-03-14 22:18:33 - INFO - __main__ - [stage2] Epoch 27 Step 750/1840 | loss=0.1129 infonce=0.0506 dist=0.1558 | lr=2.88e-06
2026-03-14 22:19:07 - INFO - __main__ - [stage2] Epoch 27 Step 800/1840 | loss=0.1130 infonce=0.0508 dist=0.1556 | lr=2.85e-06
2026-03-14 22:19:41 - INFO - __main__ - [stage2] Epoch 27 Step 850/1840 | loss=0.1126 infonce=0.0504 dist=0.1556 | lr=2.82e-06
2026-03-14 22:20:15 - INFO - __main__ - [stage2] Epoch 27 Step 900/1840 | loss=0.1122 infonce=0.0500 dist=0.1557 | lr=2.79e-06
2026-03-14 22:20:49 - INFO - __main__ - [stage2] Epoch 27 Step 950/1840 | loss=0.1126 infonce=0.0505 dist=0.1554 | lr=2.76e-06
2026-03-14 22:21:23 - INFO - __main__ - [stage2] Epoch 27 Step 1000/1840 | loss=0.1121 infonce=0.0499 dist=0.1555 | lr=2.73e-06
2026-03-14 22:21:57 - INFO - __main__ - [stage2] Epoch 27 Step 1050/1840 | loss=0.1121 infonce=0.0498 dist=0.1556 | lr=2.70e-06
2026-03-14 22:22:31 - INFO - __main__ - [stage2] Epoch 27 Step 1100/1840 | loss=0.1126 infonce=0.0503 dist=0.1557 | lr=2.67e-06
2026-03-14 22:23:04 - INFO - __main__ - [stage2] Epoch 27 Step 1150/1840 | loss=0.1122 infonce=0.0499 dist=0.1557 | lr=2.64e-06
2026-03-14 22:23:38 - INFO - __main__ - [stage2] Epoch 27 Step 1200/1840 | loss=0.1127 infonce=0.0505 dist=0.1557 | lr=2.61e-06
2026-03-14 22:24:13 - INFO - __main__ - [stage2] Epoch 27 Step 1250/1840 | loss=0.1128 infonce=0.0505 dist=0.1558 | lr=2.58e-06
2026-03-14 22:24:47 - INFO - __main__ - [stage2] Epoch 27 Step 1300/1840 | loss=0.1127 infonce=0.0503 dist=0.1558 | lr=2.55e-06
2026-03-14 22:25:21 - INFO - __main__ - [stage2] Epoch 27 Step 1350/1840 | loss=0.1126 infonce=0.0503 dist=0.1559 | lr=2.52e-06
2026-03-14 22:25:55 - INFO - __main__ - [stage2] Epoch 27 Step 1400/1840 | loss=0.1122 infonce=0.0499 dist=0.1558 | lr=2.49e-06
2026-03-14 22:26:29 - INFO - __main__ - [stage2] Epoch 27 Step 1450/1840 | loss=0.1127 infonce=0.0504 dist=0.1558 | lr=2.46e-06
2026-03-14 22:27:03 - INFO - __main__ - [stage2] Epoch 27 Step 1500/1840 | loss=0.1124 infonce=0.0501 dist=0.1558 | lr=2.43e-06
2026-03-14 22:27:37 - INFO - __main__ - [stage2] Epoch 27 Step 1550/1840 | loss=0.1126 infonce=0.0503 dist=0.1558 | lr=2.40e-06
2026-03-14 22:28:12 - INFO - __main__ - [stage2] Epoch 27 Step 1600/1840 | loss=0.1128 infonce=0.0505 dist=0.1558 | lr=2.37e-06
2026-03-14 22:28:47 - INFO - __main__ - [stage2] Epoch 27 Step 1650/1840 | loss=0.1127 infonce=0.0504 dist=0.1558 | lr=2.34e-06
2026-03-14 22:29:21 - INFO - __main__ - [stage2] Epoch 27 Step 1700/1840 | loss=0.1132 infonce=0.0509 dist=0.1558 | lr=2.31e-06
2026-03-14 22:29:56 - INFO - __main__ - [stage2] Epoch 27 Step 1750/1840 | loss=0.1131 infonce=0.0508 dist=0.1558 | lr=2.28e-06
2026-03-14 22:30:30 - INFO - __main__ - [stage2] Epoch 27 Step 1800/1840 | loss=0.1134 infonce=0.0511 dist=0.1557 | lr=2.25e-06
2026-03-14 22:31:01 - INFO - __main__ - [stage2] Epoch 27 finished | avg_loss=0.1133 accuracy=0.9846 | time=1268.5s | nan_batches=0
2026-03-14 22:33:34 - INFO - __main__ - [stage2] Epoch 27 validation: nll_loss=0.5487 accuracy=0.8651
2026-03-14 22:33:37 - INFO - __main__ - Saved checkpoint: checkpoint_epoch_27.pt (epoch=27, step=8280)
2026-03-14 22:33:37 - INFO - __main__ - [stage2] No improvement. patience=13 (early stopping disabled)
2026-03-14 22:34:16 - INFO - __main__ - [stage2] Epoch 28 Step 50/1840 | loss=0.1028 infonce=0.0411 dist=0.1544 | lr=2.19e-06
2026-03-14 22:34:51 - INFO - __main__ - [stage2] Epoch 28 Step 100/1840 | loss=0.1145 infonce=0.0529 dist=0.1541 | lr=2.16e-06
2026-03-14 22:35:25 - INFO - __main__ - [stage2] Epoch 28 Step 150/1840 | loss=0.1211 infonce=0.0594 dist=0.1542 | lr=2.13e-06
2026-03-14 22:35:59 - INFO - __main__ - [stage2] Epoch 28 Step 200/1840 | loss=0.1194 infonce=0.0577 dist=0.1542 | lr=2.10e-06
2026-03-14 22:36:33 - INFO - __main__ - [stage2] Epoch 28 Step 250/1840 | loss=0.1192 infonce=0.0573 dist=0.1548 | lr=2.07e-06
2026-03-14 22:37:07 - INFO - __main__ - [stage2] Epoch 28 Step 300/1840 | loss=0.1177 infonce=0.0560 dist=0.1544 | lr=2.04e-06
2026-03-14 22:37:41 - INFO - __main__ - [stage2] Epoch 28 Step 350/1840 | loss=0.1165 infonce=0.0549 dist=0.1541 | lr=2.01e-06
2026-03-14 22:38:14 - INFO - __main__ - [stage2] Epoch 28 Step 400/1840 | loss=0.1157 infonce=0.0539 dist=0.1544 | lr=1.98e-06
2026-03-14 22:38:49 - INFO - __main__ - [stage2] Epoch 28 Step 450/1840 | loss=0.1148 infonce=0.0531 dist=0.1543 | lr=1.95e-06
2026-03-14 22:39:23 - INFO - __main__ - [stage2] Epoch 28 Step 500/1840 | loss=0.1148 infonce=0.0531 dist=0.1542 | lr=1.92e-06
2026-03-14 22:39:57 - INFO - __main__ - [stage2] Epoch 28 Step 550/1840 | loss=0.1149 infonce=0.0533 dist=0.1541 | lr=1.89e-06
2026-03-14 22:40:32 - INFO - __main__ - [stage2] Epoch 28 Step 600/1840 | loss=0.1154 infonce=0.0538 dist=0.1541 | lr=1.86e-06
2026-03-14 22:41:06 - INFO - __main__ - [stage2] Epoch 28 Step 650/1840 | loss=0.1148 infonce=0.0532 dist=0.1541 | lr=1.83e-06
2026-03-14 22:41:41 - INFO - __main__ - [stage2] Epoch 28 Step 700/1840 | loss=0.1142 infonce=0.0526 dist=0.1541 | lr=1.80e-06
2026-03-14 22:42:14 - INFO - __main__ - [stage2] Epoch 28 Step 750/1840 | loss=0.1144 infonce=0.0528 dist=0.1540 | lr=1.77e-06
2026-03-14 22:42:48 - INFO - __main__ - [stage2] Epoch 28 Step 800/1840 | loss=0.1133 infonce=0.0518 dist=0.1538 | lr=1.74e-06
2026-03-14 22:43:25 - INFO - __main__ - [stage2] Epoch 28 Step 850/1840 | loss=0.1131 infonce=0.0516 dist=0.1538 | lr=1.71e-06
2026-03-14 22:43:59 - INFO - __main__ - [stage2] Epoch 28 Step 900/1840 | loss=0.1128 infonce=0.0513 dist=0.1538 | lr=1.68e-06
2026-03-14 22:44:32 - INFO - __main__ - [stage2] Epoch 28 Step 950/1840 | loss=0.1130 infonce=0.0515 dist=0.1537 | lr=1.65e-06
2026-03-14 22:45:07 - INFO - __main__ - [stage2] Epoch 28 Step 1000/1840 | loss=0.1130 infonce=0.0515 dist=0.1538 | lr=1.62e-06
2026-03-14 22:45:41 - INFO - __main__ - [stage2] Epoch 28 Step 1050/1840 | loss=0.1132 infonce=0.0517 dist=0.1538 | lr=1.59e-06
2026-03-14 22:46:14 - INFO - __main__ - [stage2] Epoch 28 Step 1100/1840 | loss=0.1128 infonce=0.0513 dist=0.1538 | lr=1.56e-06
2026-03-14 22:46:48 - INFO - __main__ - [stage2] Epoch 28 Step 1150/1840 | loss=0.1130 infonce=0.0514 dist=0.1538 | lr=1.53e-06
2026-03-14 22:47:22 - INFO - __main__ - [stage2] Epoch 28 Step 1200/1840 | loss=0.1133 infonce=0.0519 dist=0.1537 | lr=1.50e-06
2026-03-14 22:47:56 - INFO - __main__ - [stage2] Epoch 28 Step 1250/1840 | loss=0.1129 infonce=0.0514 dist=0.1536 | lr=1.47e-06
2026-03-14 22:48:30 - INFO - __main__ - [stage2] Epoch 28 Step 1300/1840 | loss=0.1127 infonce=0.0512 dist=0.1537 | lr=1.44e-06
2026-03-14 22:49:04 - INFO - __main__ - [stage2] Epoch 28 Step 1350/1840 | loss=0.1124 infonce=0.0509 dist=0.1537 | lr=1.41e-06
2026-03-14 22:49:39 - INFO - __main__ - [stage2] Epoch 28 Step 1400/1840 | loss=0.1125 infonce=0.0510 dist=0.1537 | lr=1.38e-06
2026-03-14 22:50:13 - INFO - __main__ - [stage2] Epoch 28 Step 1450/1840 | loss=0.1129 infonce=0.0514 dist=0.1537 | lr=1.35e-06
2026-03-14 22:50:48 - INFO - __main__ - [stage2] Epoch 28 Step 1500/1840 | loss=0.1129 infonce=0.0514 dist=0.1537 | lr=1.32e-06
2026-03-14 22:51:22 - INFO - __main__ - [stage2] Epoch 28 Step 1550/1840 | loss=0.1128 infonce=0.0513 dist=0.1537 | lr=1.29e-06
2026-03-14 22:51:56 - INFO - __main__ - [stage2] Epoch 28 Step 1600/1840 | loss=0.1127 infonce=0.0512 dist=0.1538 | lr=1.26e-06
2026-03-14 22:52:30 - INFO - __main__ - [stage2] Epoch 28 Step 1650/1840 | loss=0.1126 infonce=0.0511 dist=0.1538 | lr=1.23e-06
2026-03-14 22:53:03 - INFO - __main__ - [stage2] Epoch 28 Step 1700/1840 | loss=0.1123 infonce=0.0508 dist=0.1537 | lr=1.20e-06
2026-03-14 22:53:37 - INFO - __main__ - [stage2] Epoch 28 Step 1750/1840 | loss=0.1123 infonce=0.0508 dist=0.1537 | lr=1.17e-06
2026-03-14 22:54:11 - INFO - __main__ - [stage2] Epoch 28 Step 1800/1840 | loss=0.1120 infonce=0.0505 dist=0.1537 | lr=1.14e-06
2026-03-14 22:54:41 - INFO - __main__ - [stage2] Epoch 28 finished | avg_loss=0.1122 accuracy=0.9835 | time=1264.4s | nan_batches=0
2026-03-14 22:57:13 - INFO - __main__ - [stage2] Epoch 28 validation: nll_loss=0.5518 accuracy=0.8651
2026-03-14 22:57:16 - INFO - __main__ - Saved checkpoint: checkpoint_epoch_28.pt (epoch=28, step=8740)
2026-03-14 22:57:16 - INFO - __main__ - [stage2] No improvement. patience=14 (early stopping disabled)
2026-03-14 22:57:54 - INFO - __main__ - [stage2] Epoch 29 Step 50/1840 | loss=0.1090 infonce=0.0491 dist=0.1497 | lr=1.08e-06
2026-03-14 22:58:28 - INFO - __main__ - [stage2] Epoch 29 Step 100/1840 | loss=0.1110 infonce=0.0507 dist=0.1509 | lr=1.05e-06
2026-03-14 22:59:02 - INFO - __main__ - [stage2] Epoch 29 Step 150/1840 | loss=0.1109 infonce=0.0501 dist=0.1519 | lr=1.02e-06
2026-03-14 22:59:36 - INFO - __main__ - [stage2] Epoch 29 Step 200/1840 | loss=0.1117 infonce=0.0511 dist=0.1515 | lr=9.90e-07
2026-03-14 23:00:10 - INFO - __main__ - [stage2] Epoch 29 Step 250/1840 | loss=0.1115 infonce=0.0509 dist=0.1516 | lr=9.61e-07
2026-03-14 23:00:43 - INFO - __main__ - [stage2] Epoch 29 Step 300/1840 | loss=0.1112 infonce=0.0504 dist=0.1520 | lr=9.30e-07
2026-03-14 23:01:17 - INFO - __main__ - [stage2] Epoch 29 Step 350/1840 | loss=0.1119 infonce=0.0512 dist=0.1518 | lr=9.01e-07
2026-03-14 23:01:51 - INFO - __main__ - [stage2] Epoch 29 Step 400/1840 | loss=0.1117 infonce=0.0509 dist=0.1521 | lr=8.70e-07
2026-03-14 23:02:25 - INFO - __main__ - [stage2] Epoch 29 Step 450/1840 | loss=0.1108 infonce=0.0499 dist=0.1523 | lr=8.41e-07
2026-03-14 23:02:59 - INFO - __main__ - [stage2] Epoch 29 Step 500/1840 | loss=0.1123 infonce=0.0514 dist=0.1525 | lr=8.09e-07
2026-03-14 23:03:33 - INFO - __main__ - [stage2] Epoch 29 Step 550/1840 | loss=0.1125 infonce=0.0515 dist=0.1525 | lr=7.80e-07
2026-03-14 23:04:08 - INFO - __main__ - [stage2] Epoch 29 Step 600/1840 | loss=0.1121 infonce=0.0511 dist=0.1525 | lr=7.49e-07
2026-03-14 23:04:41 - INFO - __main__ - [stage2] Epoch 29 Step 650/1840 | loss=0.1122 infonce=0.0512 dist=0.1524 | lr=7.20e-07
2026-03-14 23:05:14 - INFO - __main__ - [stage2] Epoch 29 Step 700/1840 | loss=0.1116 infonce=0.0506 dist=0.1525 | lr=6.88e-07
2026-03-14 23:05:49 - INFO - __main__ - [stage2] Epoch 29 Step 750/1840 | loss=0.1112 infonce=0.0502 dist=0.1527 | lr=6.59e-07
2026-03-14 23:06:22 - INFO - __main__ - [stage2] Epoch 29 Step 800/1840 | loss=0.1111 infonce=0.0500 dist=0.1526 | lr=6.28e-07
2026-03-14 23:06:57 - INFO - __main__ - [stage2] Epoch 29 Step 850/1840 | loss=0.1107 infonce=0.0496 dist=0.1527 | lr=5.99e-07
2026-03-14 23:07:32 - INFO - __main__ - [stage2] Epoch 29 Step 900/1840 | loss=0.1109 infonce=0.0498 dist=0.1528 | lr=5.68e-07
2026-03-14 23:08:06 - INFO - __main__ - [stage2] Epoch 29 Step 950/1840 | loss=0.1107 infonce=0.0496 dist=0.1527 | lr=5.39e-07
2026-03-14 23:08:40 - INFO - __main__ - [stage2] Epoch 29 Step 1000/1840 | loss=0.1111 infonce=0.0500 dist=0.1527 | lr=5.07e-07
2026-03-14 23:09:12 - INFO - __main__ - [stage2] Epoch 29 Step 1050/1840 | loss=0.1112 infonce=0.0501 dist=0.1527 | lr=4.78e-07
2026-03-14 23:09:47 - INFO - __main__ - [stage2] Epoch 29 Step 1100/1840 | loss=0.1108 infonce=0.0497 dist=0.1527 | lr=4.47e-07
2026-03-14 23:10:20 - INFO - __main__ - [stage2] Epoch 29 Step 1150/1840 | loss=0.1108 infonce=0.0497 dist=0.1528 | lr=4.18e-07
2026-03-14 23:10:54 - INFO - __main__ - [stage2] Epoch 29 Step 1200/1840 | loss=0.1106 infonce=0.0495 dist=0.1527 | lr=3.86e-07
2026-03-14 23:11:28 - INFO - __main__ - [stage2] Epoch 29 Step 1250/1840 | loss=0.1109 infonce=0.0499 dist=0.1527 | lr=3.57e-07
2026-03-14 23:12:01 - INFO - __main__ - [stage2] Epoch 29 Step 1300/1840 | loss=0.1109 infonce=0.0499 dist=0.1526 | lr=3.26e-07
2026-03-14 23:12:35 - INFO - __main__ - [stage2] Epoch 29 Step 1350/1840 | loss=0.1107 infonce=0.0497 dist=0.1526 | lr=2.97e-07
2026-03-14 23:13:08 - INFO - __main__ - [stage2] Epoch 29 Step 1400/1840 | loss=0.1105 infonce=0.0495 dist=0.1526 | lr=2.66e-07
2026-03-14 23:13:42 - INFO - __main__ - [stage2] Epoch 29 Step 1450/1840 | loss=0.1106 infonce=0.0496 dist=0.1526 | lr=2.37e-07
2026-03-14 23:14:16 - INFO - __main__ - [stage2] Epoch 29 Step 1500/1840 | loss=0.1110 infonce=0.0500 dist=0.1526 | lr=2.05e-07
2026-03-14 23:14:52 - INFO - __main__ - [stage2] Epoch 29 Step 1550/1840 | loss=0.1110 infonce=0.0500 dist=0.1526 | lr=1.76e-07
2026-03-14 23:15:26 - INFO - __main__ - [stage2] Epoch 29 Step 1600/1840 | loss=0.1105 infonce=0.0495 dist=0.1525 | lr=1.45e-07
2026-03-14 23:16:00 - INFO - __main__ - [stage2] Epoch 29 Step 1650/1840 | loss=0.1103 infonce=0.0493 dist=0.1525 | lr=1.16e-07
2026-03-14 23:16:34 - INFO - __main__ - [stage2] Epoch 29 Step 1700/1840 | loss=0.1105 infonce=0.0495 dist=0.1525 | lr=8.45e-08
2026-03-14 23:17:09 - INFO - __main__ - [stage2] Epoch 29 Step 1750/1840 | loss=0.1110 infonce=0.0501 dist=0.1525 | lr=5.56e-08
2026-03-14 23:17:42 - INFO - __main__ - [stage2] Epoch 29 Step 1800/1840 | loss=0.1110 infonce=0.0500 dist=0.1525 | lr=2.42e-08
2026-03-14 23:18:13 - INFO - __main__ - [stage2] Epoch 29 finished | avg_loss=0.1107 accuracy=0.9845 | time=1257.1s | nan_batches=0
2026-03-14 23:20:43 - INFO - __main__ - [stage2] Epoch 29 validation: nll_loss=0.5689 accuracy=0.8594
2026-03-14 23:20:45 - INFO - __main__ - Saved checkpoint: checkpoint_epoch_29.pt (epoch=29, step=9200)
2026-03-14 23:20:45 - INFO - __main__ - [stage2] No improvement. patience=15 (early stopping disabled)
2026-03-14 23:20:45 - INFO - __main__ - Stage 2 complete. Best NLL loss: 0.4971
2026-03-14 23:20:45 - INFO - __main__ - Loading best Stage 2 model from ./checkpoints/nq/best_model_stage2
2026-03-14 23:20:49 - INFO - __main__ - No mined data path provided or file not found. Skipping Stage 3.
2026-03-14 23:20:49 - INFO - __main__ - To run Stage 3, first run mine_hard_negatives.py, then re-run with --mined_data_path
2026-03-14 23:20:50 - INFO - __main__ - ============================================================
2026-03-14 23:20:50 - INFO - __main__ - Training complete. Final model saved to ./checkpoints/nq/best_model_nq
2026-03-14 23:20:50 - INFO - __main__ - ============================================================
